month,year,new_accounts,contributing,reduced,lapsed_holding,dormant,closed,holding,live_accounts,tier_none,tier_silver,tier_gold,tier_platinum,tier_sovereign,inflow_sip,inflow_spot,collection_events,spot_events,grams_bought,grams_withdrawn,grams_redeemed,grams_closing,grams_recycled,grams_sold_back,net_new_gram_share,aum_usd,float_grams,float_usd,fee_applied,pricegap_rate,bar_grams,fab_premium,gross_entry_fee,stream1_net,stream1_sip,stream1_spot,stream1a_gross_margin_pct,stream1a_net_pct,stream1b_gross_margin_pct,stream1b_net_pct,cor_premium,cor_pricegap,rail_passthrough_usd,floatcoc_memo,float_interest_expense,cost_of_revenue,gross_profit,stream2,stream2_gross,stream2_processor_fees,stream3,stream4,stream5,stream5_peak_drawn,stream5_avg_drawn,stream6,partner_aum,revenue,cost_vault,cost_screening,cost_rewards,cost_redemption,cost_card_fixed,cost_card_variable,cost_acquisition,cost_opex,cost_oneoff,cost_family,cost_vat,operating_cost,total_cost,ebitda,tax,net_profit,gold_px,margin_call_usd,grams_liquidated,active_cards,card_spend,card_spend_R1,card_spend_R2,card_spend_R3,card_spend_R4,live_R1,live_R2,live_R3,live_R4,float_movement,operating_cash,cash_flow,cumulative_cash,required_capital,total_funding_need
1,1,49.70103309914693,49.70103309914693,0.0,0.0,0.0,0.0,49.70103309914693,49.70103309914693,49.70103309914693,0.0,0.0,0.0,0.0,1888.6392577675833,794.5041481119299,49.70103309914693,0.9857371564664142,18.019130747812362,0.0,0.0,18.019130747812362,0.0,0.0,1.0,2548.9862355855366,200.0,28716.379999999997,0.05,0.10983696685296264,100,0.015,134.15717029397567,-198.78595657314065,-139.92355408743077,-58.862402485709865,0.03575000000000007,-0.07408696685296257,0.03575000000000002,-0.07408696685296264,38.23479353378306,294.70833333333337,12.671692563903337,191.44253333333333,0.0,332.94312686711646,-172.2787389202624,0.0,0.0,0.0,26.507217652878367,0.0,0.0,0.0,0.0,0.0,0.0,160.66438794685405,750.0,300.4910309929744,0.0,0.0,0.0,0.0,5254.772,100672.93552155573,127380.0,0.9542598355036213,4.721598144418959,234363.87441052863,234696.81753739575,-234536.1531494489,0.0,-234536.1531494489,141.46,0.0,0.0,0.0,0.0,0.0,0.0,0.0,0.0,49.70103309914693,0.0,0.0,0.0,28716.379999999997,-234536.1531494489,-263252.53314944886,-263252.53314944886,408441.1164057182,671693.6495551671
2,1,48.12972548558615,93.81143603800507,0.0444476339005671,3.974874912827446,0.0,0.0,97.83075858473308,93.85588367190563,93.85588367190563,0.0,0.0,0.0,0.0,3565.8568650239054,1583.7525001854797,93.85588367190564,1.9649534741755332,34.583125243524066,0.18897673960150665,0.12598449306767112,52.28729475866725,0.12598449306767112,0.0,0.9963570529794366,7396.56071656107,200.0,28716.379999999997,0.05,0.057229260014240016,100,0.015,257.48046826046925,-110.34247203125733,-76.40685603350988,-33.93561599774745,0.035801911995043054,-0.021427348019196966,0.03580191199504313,-0.021427348019196883,73.11460695839344,294.70833333333337,23.955209286520294,191.44253333333333,0.0,367.8229402917268,-60.28600073957455,0.0,0.0,0.0,50.056471291683,0.0,0.0,0.0,0.0,0.0,0.0,307.53693955215226,750.0,301.934922757542,0.0,0.0005291348708842188,0.0,0.0,5461.016,52516.12480787372,12500.0,1.8020329665005879,8.914642162559764,71539.79293489519,71907.61587518691,-71600.07893563475,0.0,-71600.07893563475,141.46,0.0,0.0,0.0,0.0,0.0,0.0,0.0,0.0,93.85588367190563,0.0,0.0,0.0,0.0,-71600.07893563475,-71600.07893563475,-334852.6120850836,408441.1164057182,743293.7284908018
3,1,51.28794307111748,137.90292351000863,0.12971450389681066,11.086063641945133,0.0,0.0,149.1187016558506,138.03263801390545,138.03263801390543,0.0,0.0,0.0,0.0,5243.294526969954,2442.7217095514084,138.03263801390545,3.030672096217628,51.616820477133416,0.569519835274645,0.3796798901830968,102.95491551034293,0.3796798901830968,0.0,0.9926442604043909,14564.002348093112,200.0,28716.379999999997,0.05,0.038343444024093856,100,0.015,384.3008118260681,-19.1276101187146,-13.048592451954079,-6.079017666760521,0.03585481928923756,-0.002488624734856298,0.03585481928923739,-0.0024886247348564717,108.72008861144988,294.70833333333337,35.26582752753077,191.44253333333333,0.0,403.4284219447833,54.48979682203441,0.0,0.0,0.0,73.61740694074956,0.0,0.0,0.0,0.0,0.0,0.0,457.9182187668177,750.0,303.47356104967554,0.0,0.0015946555387690066,0.0,0.0,5691.524,58851.92230608427,12500.0,2.6502266498669846,13.108236317424886,78112.67992475678,78516.10834670157,-78058.19012793475,0.0,-78058.19012793475,141.46,0.0,0.0,0.0,0.0,0.0,0.0,0.0,0.0,138.03263801390545,0.0,0.0,0.0,0.0,-78058.19012793475,-78058.19012793475,-412910.80221301835,408441.1164057182,821351.9186187366
4,1,67.75559404991463,195.5712674402519,0.2565560494385031,21.046472216074804,0.0,0.0,216.87429570576518,195.8278234896904,195.8278234896904,0.0,0.0,0.0,0.0,7437.608951866658,3585.4340972962395,195.8278234896904,4.44842940111196,74.02722251311148,1.1494437380042921,0.7662958253361948,175.06639846011393,0.7662958253361948,0.0,0.9896484590489603,24764.892726167716,200.0,28716.379999999997,0.05,0.02673566020008547,100,0.015,551.1521524581449,100.99145878602172,68.14225206042605,32.84920672559568,0.035897509458552336,0.009161849258466864,0.03589750945855242,0.009161849258466952,155.45236033879036,294.70833333333326,50.069063222700585,191.44253333333333,0.0,450.1606936721236,205.43296464718952,0.0,0.0,0.0,104.44150586116821,0.0,0.0,0.0,0.0,0.0,0.0,655.5936583193131,750.0,305.50622887117294,0.0,0.0032184424664120186,0.0,0.0,6091.88,65277.497587223384,12500.0,3.759894211002056,18.594022379666647,84947.2409511277,85397.40164479981,-84741.8079864805,0.0,-84741.8079864805,141.46,0.0,0.0,0.0,0.0,0.0,0.0,0.0,0.0,195.8278234896904,0.0,0.0,0.0,0.0,-84741.8079864805,-84741.8079864805,-497652.6101994988,408441.1164057182,906093.726605217
5,1,52.27101674392393,234.00615701737306,0.4375675157002402,34.7015879166158,0.0,0.0,269.1453124496891,234.4437245330733,234.4437245330733,0.0,0.0,0.0,0.0,8902.29801952128,4507.693152285371,234.4437245330733,5.5926714048205595,90.05720071551193,2.0215250430583045,1.3476833620388697,261.75439077052863,1.3476833620388697,0.0,0.985035251469828,37027.77611839898,200.0,28716.379999999997,0.05,0.021976773105781916,100,0.015,670.4995585903325,187.5585003846656,124.51176478245529,63.04673560221029,0.03596324766655503,0.013986474560773118,0.03596324766655498,0.013986474560773066,188.23272487233453,294.7083333333333,60.00909898447346,191.44253333333333,0.0,482.94105820566784,312.5951534689704,0.0,0.0,0.0,125.03665308430577,0.0,0.0,0.0,0.0,0.0,0.0,795.5362116746383,750.0,307.07435937349067,0.0,0.005660270120563253,0.0,0.0,5928.098,71662.09399701473,12500.0,4.501319511035008,22.255745048803206,91174.02908121819,91656.97013942387,-90861.43392774923,0.0,-90861.43392774923,141.46,0.0,0.0,0.0,0.0,0.0,0.0,0.0,0.0,234.4437245330733,0.0,0.0,0.0,0.0,-90861.43392774923,-90861.43392774923,-588514.044127248,408441.1164057182,996955.1605329663
6,1,50.75038735785438,269.0357009557708,0.6561137852400631,50.20388506653267,0.0,0.0,319.8956998075435,269.69181474101083,269.69181474101083,0.0,0.0,0.0,0.0,10238.44725337981,5426.533609035159,269.69181474101083,6.732671971507642,105.20098840162746,3.110495354985505,2.0736635699903365,361.7712202471802,2.0736635699903365,0.0,0.9802885543045121,51176.15681616612,200.0,28716.379999999997,0.05,0.01881319459766643,100,0.015,783.2490431207485,269.71483922716476,176.28244676038673,93.43239246677801,0.03603088810116074,0.01721769350349431,0.0360308881011607,0.017217693503494277,218.82587056025082,294.7083333333333,69.10612167812963,191.44253333333333,0.0,513.5342038935842,413.5504737557035,0.0,0.0,0.0,143.83563452853912,0.0,0.0,0.0,0.0,0.0,0.0,927.0846776492876,750.0,308.5968709942263,0.0,0.008709386993959414,0.0,0.0,5979.659,78060.55798656371,12500.0,5.178082843027409,25.59611813344953,97629.59676792141,98143.13097181499,-97216.0462941657,0.0,-97216.0462941657,141.46,0.0,0.0,0.0,0.0,0.0,0.0,0.0,0.0,269.69181474101083,0.0,0.0,0.0,0.0,-97216.0462941657,-97216.0462941657,-685730.0904214137,408441.1164057182,1094171.2068271318
7,1,48.503187014142924,300.3180173401766,0.9088465317901933,67.17202294971963,0.0,0.0,368.3988868216864,301.22686387196677,281.7825378052244,19.44432606674238,0.0,0.0,0.0,11187.32915096672,6207.977805167949,301.22686387196677,7.853266798442719,116.8530546237518,4.409275008276497,2.939516672184331,471.2754831904712,2.939516672184331,0.0,0.9748443317836312,66666.62985212407,200.0,28716.379999999997,0.04974179824711774,0.016941830004868114,100,0.015,865.2738490587344,328.85237954597,211.49266416146557,117.35971538450444,0.03584649092147215,0.018904660916604036,0.03584649092147225,0.018904660916604137,241.71313617943107,294.70833333333337,77.27003266760238,191.44253333333333,0.0,536.4214695127645,488.4696762207926,0.0,0.0,0.0,159.6172966748227,0.0,0.0,0.0,0.0,0.0,0.0,1024.891145733557,750.0,310.0519666046506,0.0,0.012345970023174191,0.0,0.0,5970.56,84467.42079241709,12500.0,5.783555786341764,27.823893477574273,104031.65255425568,104568.07402376844,-103543.18287803487,0.0,-103543.18287803487,141.46,0.0,0.0,0.0,0.0,0.0,0.0,0.0,0.0,280.7552823560363,20.471581515930495,0.0,0.0,0.0,-103543.18287803487,-103543.18287803487,-789273.2732994485,408441.1164057182,1197714.3897051667
8,1,51.508862115036194,333.474509966116,1.1919121166343238,85.24132685397231,0.0,0.0,419.90774893672267,334.66642208275033,295.838816198508,38.8276058842422,0.0,0.0,0.0,12212.72887146272,7046.335840167151,334.6664220827503,9.057523678440022,129.40088457848557,5.860782633800496,3.907188422533664,590.9083967126227,3.907188422533664,0.0,0.9698055509028315,83589.9017989676,200.0,28716.379999999997,0.04953592469011257,0.015302318038080496,100,0.015,954.0155791573019,393.0221719506539,249.22670432735273,143.79546762330116,0.035709444647573696,0.0204071266094932,0.03570944464757376,0.020407126609493266,266.28507387331433,294.7083333333333,85.93098644029757,191.44253333333333,0.0,560.9934072066476,569.4401247476283,0.0,0.0,0.0,176.41795279697388,0.0,0.0,0.0,0.0,0.0,0.0,1130.4335319542758,750.0,311.59723246810165,0.0,0.01641019137464139,0.0,0.0,6031.22,90909.78858415049,12500.0,6.425595303988804,30.248440881877045,110539.29626299582,111100.28967020247,-109969.8561382482,0.0,-109969.8561382482,141.46,0.0,0.0,0.0,0.0,0.0,0.0,0.0,0.0,294.092984120215,40.57343796253525,0.0,0.0,0.0,-109969.8561382482,-109969.8561382482,-899243.1294376968,408441.1164057182,1307684.245843415
9,1,63.59478293063819,377.4597602924505,1.5063263369963518,104.53644523791397,0.0,0.0,483.50253186736074,378.9660866294468,319.028862707042,59.93722392240484,0.0,0.0,0.0,13606.656141604366,8065.342252986933,378.96608662944675,10.527024465412138,145.6391137844877,7.442183610224312,4.961455740149542,724.1438711467365,4.961455740149542,0.0,0.9659332193720201,102437.39201241735,200.0,28716.379999999997,0.04936736055243897,0.013598576742552916,100,0.015,1069.889358637667,476.67710270005256,299.27934235333606,177.3977603467165,0.03559364586451339,0.021995069121960475,0.03559364586451345,0.021995069121960534,298.5039226042812,294.70833333333337,97.37327777371472,191.44253333333333,0.0,593.2122559376146,675.5956969598958,0.0,0.0,0.0,198.91859425984342,0.0,0.0,0.0,0.0,0.0,0.0,1268.8079528975104,750.0,313.50507595602085,0.0,0.020838114108628077,0.0,0.0,6273.860000000001,97442.96365871717,12500.0,7.276148863285379,33.58623498278204,117321.21195663336,117914.42421257097,-116645.61625967346,0.0,-116645.61625967346,141.46,0.0,0.0,0.0,0.0,0.0,0.0,0.0,0.0,314.6363762592097,64.3297103702371,0.0,0.0,0.0,-116645.61625967346,-116645.61625967346,-1015888.7456973703,408441.1164057182,1424329.8621030885
10,1,78.68471397060377,434.43872040485763,1.8611560489094343,125.88736938419754,0.0,0.0,562.1872458379646,436.29987645376707,348.3219701239584,87.97790632980862,0.0,0.0,0.0,15438.316369044413,9310.273190932472,436.299876453767,12.327341297880011,166.34470414781572,9.187279375820534,6.12485291721369,875.176443001518,6.12485291721369,0.0,0.9631797540619562,123802.45962699475,200.0,28716.379999999997,0.04919341800373733,0.01190808601916984,100,0.015,1217.4677112268726,582.7888755673249,363.54714338623535,219.24173218108956,0.035456453256622555,0.02354836723745271,0.03545645325662266,0.023548367237452822,339.97050232621444,294.70833333333337,112.15680443791176,191.44253333333333,0.0,634.6788356595478,810.7899880050775,0.0,0.0,0.0,228.00111243775262,0.0,0.0,0.0,0.0,0.0,0.0,1445.4688236646252,750.0,315.8656173751389,0.0,0.025724382252297496,0.0,0.0,6577.16,104093.16796740524,12500.0,8.37695762791233,37.97317752081711,124282.56944431138,124917.24827997093,-123471.7794563063,0.0,-123471.7794563063,141.46,0.0,0.0,0.0,0.0,0.0,0.0,0.0,0.0,343.45081837264945,92.84905808111759,0.0,0.0,0.0,-123471.7794563063,-123471.7794563063,-1139360.5251536765,408441.1164057182,1547801.6415593948
11,1,72.57301535904533,482.27497051522664,2.267681870538186,150.2176088112451,0.0,0.0,634.7602611970099,484.5426523857648,373.9458098131109,110.59684257265386,0.0,0.0,0.0,16977.063986050616,10500.326531756693,484.54265238576477,14.045457278562402,184.706686310012,11.237116849040966,7.491411232693977,1041.154601229795,7.491411232693977,0.0,0.9594415806901524,147281.7298899668,200.0,28716.379999999997,0.049087000147226646,0.010725484763276238,100,0.015,1348.7826723930116,678.0412468731176,418.93168952438907,259.1095573487285,0.035401818072063246,0.024676333308787005,0.03540181807206333,0.02467633330878709,376.03309218656113,294.70833333333326,124.6470274160818,191.44253333333333,0.0,670.7414255198944,930.5654965416502,0.0,0.0,0.0,252.52424966853297,0.0,0.0,0.0,0.0,0.0,0.0,1601.3069220615446,750.0,318.0428078359103,0.0,0.03146392717731471,0.0,0.0,6455.84,110728.43143116706,12500.0,9.303218925806682,41.66765711913715,130803.3165789751,131474.058004495,-129872.75108243345,0.0,-129872.75108243345,141.46,0.0,0.0,0.0,0.0,0.0,0.0,0.0,0.0,367.5976600087209,116.94499237704389,0.0,0.0,0.0,-129872.75108243345,-129872.75108243345,-1269233.27623611,408441.1164057182,1677674.3926418282
12,1,54.3889292247832,509.8353570409114,2.7176347903896327,176.59619859049207,0.0,0.0,689.149190421793,512.552991831301,379.5153578023512,133.03763402894984,0.0,0.0,0.0,17854.59543321502,11469.791080745925,512.552991831301,15.438906337697452,197.148400942379,13.61312756725236,9.07541837816824,1215.6144562267532,9.07541837816824,0.0,0.9539665635897258,171960.82097783653,200.0,28716.379999999997,0.04896176484266636,0.010049940284105404,100,0.015,1435.7737166520126,741.9933216156788,451.7738355852104,290.21948603046843,0.035352884687134135,0.025302944403028733,0.035352884687134094,0.025302944403028684,399.0720617029988,294.70833333333337,131.9979745422496,191.44253333333333,0.0,693.7803950363322,1008.259576777497,0.0,0.0,0.0,266.2662551618166,0.0,0.0,0.0,0.0,0.0,0.0,1702.0399718138292,750.0,319.6744757126538,0.0,0.038116757188306614,0.0,0.0,6091.88,117260.34090904742,12500.0,9.84101744316098,43.70962514810093,136975.48414410852,137669.26453914485,-135967.22456733102,0.0,-135967.22456733102,141.46,0.0,0.0,0.0,0.0,0.0,0.0,0.0,0.0,380.51711126990665,132.03588056139438,0.0,0.0,0.0,-135967.22456733102,-135967.22456733102,-1405200.5008034408,408441.1164057182,1813641.617209159
13,2,171.83225037481995,654.4837868199273,3.1923313621681113,203.30532261451762,0.0,0.0,860.9814407966131,657.6761181820955,502.7048005173771,151.45100889299403,3.520308771724263,0.0,0.0,22418.024579915727,13955.257074214229,657.6761181820955,19.188615777048856,244.51915435313535,15.600691134180448,10.4004607561203,1434.1324586895878,10.4004607561203,0.0,0.9574656603748108,202872.3776062291,200.0,28716.379999999997,0.04903605059052754,0.008102330060171272,100,0.015,1783.6020793354237,992.1172900585823,611.4738286796107,380.6434613789715,0.03537832070331782,0.02727599064314655,0.035378320703317784,0.02727599064314651,496.77645594350633,294.70833333333337,169.2161834897861,191.44253333333333,0.0,791.4847892768397,1334.4249996790913,0.0,0.0,0.0,342.3077096205073,0.0,0.0,0.0,0.0,0.0,0.0,2125.909788955931,750.0,343.71910641731534,0.0,0.04368193517570526,0.0,0.0,16821.514434199526,146162.45020979576,0.0,12.627381469096234,52.629539917964046,164142.98435373482,164934.46914301167,-162808.55935405573,0.0,-162808.55935405573,141.46,0.0,0.0,0.0,0.0,0.0,0.0,0.0,0.0,441.5803022185262,181.90751978403188,18.319081101982814,15.869215077554584,0.0,-162808.55935405573,-162808.55935405573,-1568009.0601574965,408441.1164057182,1976450.1765632147
14,2,156.0050771300335,773.5401206014869,3.795287612725099,237.75806849591976,1.8930412165146293,0.0,1016.9865179266465,777.3354082142121,599.4238571829795,166.670227769534,11.241323261698595,0.0,0.0,26176.646145021714,16263.628413807664,777.3354082142122,22.66734758224655,285.3072928007124,18.396734515833067,12.264489677222045,1688.7785272972453,12.264489677222045,0.0,0.9570130522888918,238894.61047146833,200.0,28716.379999999997,0.04902666019175699,0.0069440722614746014,100,0.015,2080.704919240597,1206.6270619595284,744.2329239915492,462.3941379679791,0.03537525171312822,0.028431179451653618,0.03537525171312826,0.02843117945165366,579.3695239477343,294.7083333333333,200.00068894911468,191.44253333333333,0.0,874.0778572810675,1611.1177930448196,0.0,0.0,0.0,404.4907310852901,0.0,0.0,0.0,0.0,0.0,0.0,2485.195650325887,750.0,329.5095955377994,0.0,0.051510856644332595,0.0,0.0,16440.962673105616,92322.21385330404,0.0,14.924839837712874,59.90185012305858,109917.56432276487,110791.64218004594,-108306.44652972005,0.0,-108306.44652972005,141.46,0.0,0.0,0.0,0.0,0.0,0.0,0.0,0.0,491.7694866637988,223.0867268113869,33.48217823904255,28.997016499983925,0.0,-108306.44652972005,-108306.44652972005,-1676315.5066872165,408441.1164057182,2084756.6230929347
15,2,156.7969876041756,886.517874526615,4.5056429479651925,277.2488619429328,5.511126113309054,0.0,1173.783505530822,891.0235174745801,685.5970361892486,175.91788879240414,29.508592492927523,0.0,0.0,29751.168169542158,18605.67031470952,891.0235174745801,26.20008805094346,325.1095526105888,21.7696292650697,14.513086176713133,1977.6053644660515,14.513086176713133,0.0,0.9553593979008771,279752.05485736765,200.0,28716.379999999997,0.04894532492500699,0.006094449980002532,100,0.015,2366.841171957781,1413.0781964984076,869.3853522791578,543.6928442192498,0.03531633959875013,0.029221889618747592,0.035316339598750086,0.029221889618747558,659.0546421260408,294.70833333333337,229.3059013813809,191.44253333333333,0.0,953.7629754593742,1875.7608685500095,0.0,0.0,0.0,462.6826720516023,0.0,0.0,0.0,0.0,0.0,0.0,2829.5238440093835,750.0,334.21350516592463,0.0,0.060954961942195164,75000.0,0.0,16482.05836441397,92914.45298939773,0.0,17.107651535511938,66.74964277128893,185564.64310824638,186518.40608370575,-183688.88223969637,0.0,-183688.88223969637,141.46,0.0,0.0,0.0,0.0,0.0,0.0,0.0,0.0,539.9343121262139,262.1796507651727,47.654592300231585,41.25496228296201,0.0,-183688.88223969637,-183688.88223969637,-1860004.3889269128,408441.1164057182,2268445.505332631
16,2,199.4157516404257,1036.2430305572875,5.318363969162667,320.7602144846745,10.877648160123124,0.0,1373.1992571712476,1041.5613945264502,802.8006205509324,190.0832735608674,48.67750041465022,0.0,0.0,34507.844452684236,21527.526071779208,1041.5613945264502,30.616302404360756,376.7528489798334,25.50733099105906,17.004887327372707,2311.845995127453,17.004887327372707,0.0,0.9548646085267348,327033.73447072954,200.0,28716.379999999997,0.048896125467396565,0.005259326931811257,100,0.015,2739.91250777622,1681.8549746125252,1035.7242097750539,646.1307648374714,0.03527349403503896,0.030014167103227705,0.03527349403503892,0.030014167103227664,763.3491998303562,294.7083333333333,268.04442423270274,191.44253333333333,0.0,1058.0575331636894,2222.0243437258287,0.0,0.0,0.0,540.1693691132979,0.0,0.0,0.0,0.0,0.0,0.0,3280.081876889518,750.0,410.115118249925,0.0,0.07142052677496538,0.0,0.0,17597.152195228526,93694.32366448738,0.0,19.997978774907846,76.0532600513723,112547.71363731888,113605.77117048258,-110325.68929359307,0.0,-110325.68929359307,141.46,0.0,0.0,0.0,0.0,0.0,0.0,0.0,0.0,605.8153927853292,313.6484200638441,65.46166841246743,56.63591326480948,0.0,-110325.68929359307,-110325.68929359307,-1970330.078220506,408441.1164057182,2378771.194626224
17,2,150.34100525224042,1128.467056878479,6.266008937160295,370.2841687692683,18.52302783858056,0.0,1523.540262423488,1134.7330658156393,865.1517201530835,200.96377325461305,68.61757240794287,0.0,0.0,37436.74848498965,23832.034217168268,1134.733065815639,34.10367221995434,411.97784831890004,30.198252058046467,20.132168038697646,2673.4934233496097,20.132168038697646,0.0,0.9511328870694185,378192.3796670358,200.0,28716.379999999997,0.04880782915997111,0.0048100895812795965,100,0.015,2990.3962789663165,1864.2305966464178,1139.0912123053486,725.1393843410693,0.035237176825837435,0.030427087244557838,0.03523717682583755,0.030427087244557956,831.4573489865614,294.70833333333337,292.2091845088984,191.44253333333333,0.0,1126.1656823198948,2451.3842894510026,0.0,0.0,0.0,587.153692804581,0.0,0.0,0.0,0.0,0.0,0.0,3577.5499717708976,750.0,344.7062078727046,0.0,0.08455510576253013,0.0,0.0,16365.26231004923,94191.21600556393,0.0,21.786874863660273,81.61360721803922,111754.66956067331,112880.83524299321,-109303.28527122231,0.0,-109303.28527122231,141.46,0.0,0.0,0.0,0.0,0.0,0.0,0.0,0.0,645.6187385908378,345.65244372606315,76.93134964915528,66.53053384958298,0.0,-109303.28527122231,-109303.28527122231,-2079633.3634917282,408441.1164057182,2488074.4798974465
18,2,142.37846440371334,1209.50331283255,7.297443345277309,421.3862243740739,27.73174627530036,0.0,1665.9187268272015,1216.8007561778272,923.608141832168,202.880853412535,90.31176093312433,0.0,0.0,40013.9569166038,26051.054745745078,1216.8007561778272,37.46838868614767,444.2602082923156,35.38395597629883,23.589303984199223,3058.7803716814274,23.589303984199223,0.0,0.9469020552732513,432695.07137805474,200.0,28716.379999999997,0.04873930263987201,0.004460883694981479,100,0.015,3219.9625973178954,2032.6326721331698,1231.1157467996134,801.5169253335563,0.03522804199840739,0.030767158303425916,0.03522804199840749,0.030767158303426013,892.6215918513924,294.70833333333337,313.5672862159937,191.44253333333333,0.0,1187.3299251847257,3942.752175487869,535.3964311537738,1236.2027268764134,144.51506862825366,628.5068366133061,746.2162355876185,0.0,0.0,0.0,0.0,0.0,5130.082100672595,750.0,348.97756180481605,0.0,0.09907507673363675,23000.0,361.82264423001675,16173.774797044776,94634.14536762242,0.0,23.36257451861428,86.50398474267114,135378.68600504004,136566.01593022476,-131435.93382955217,0.0,-131435.93382955217,141.46,0.0,0.0,60.310783177289295,68677.92927091186,68677.92927091186,0.0,0.0,0.0,680.6343146151847,373.8731903133859,87.04373455479089,75.24951669446591,0.0,-131435.93382955217,-131435.93382955217,-2211069.2973212805,408441.1164057182,2619510.4137269985
19,2,136.52600860252133,1282.4195759318466,8.400774241047502,473.26158173204556,38.36280352478349,0.0,1802.444735429723,1290.820350172894,928.3951970519275,254.31949299829748,108.10566012266906,0.0,0.0,42338.3447812489,28211.842493480275,1290.8203501728938,40.75026902074927,474.5196235128507,41.00663052377808,27.33775368251872,3464.955610987981,27.33775368251872,0.0,0.9423885708242403,490152.6207303598,200.0,28716.379999999997,0.048541916965654866,0.00417728633640207,100,0.015,3424.6413326013044,2181.0577896749915,1308.8891788124993,872.1686108624921,0.03509226861960623,0.030914982283204162,0.03509226861960634,0.03091498228320427,948.8752095929816,294.70833333333337,332.8926547984108,191.44253333333333,0.0,1243.583542926315,4545.728953496125,682.4141522595706,1575.659057092299,184.19832914119388,663.342543385883,1018.9144681756812,0.0,0.0,0.0,0.0,0.0,5789.31249642244,750.0,353.0733420628917,0.0,0.11481856546657863,11000.0,441.95972604283395,16071.040583523853,95037.91979994641,0.0,24.783750723319567,90.65795091051761,123769.5499717753,125013.1335147016,-119223.82101827917,0.0,-119223.82101827917,141.46,0.0,0.0,72.60122311516947,87536.6142829055,86581.26735091387,955.3469319916239,0.0,0.0,712.388931699503,399.2690294261591,96.1252541536803,83.03713489355148,0.0,-119223.82101827917,-119223.82101827917,-2330293.1183395595,408441.1164057182,2738734.2347452776
20,2,147.24355181247364,1364.397902851227,9.566539216926547,525.4671993110384,50.25664586300471,0.0,1949.6882872421963,1373.9644420681534,947.5160289450159,301.1647616329959,125.28365149014178,0.0,0.0,44956.980636477514,30537.45704025615,1373.9644420681534,44.27892550075809,507.85365910197316,46.92756535331885,31.285043568879228,3894.5966611677563,31.285043568879228,0.0,0.9383975225772717,550929.6436887908,205.93567236080284,29568.635115341556,0.04839375154779759,0.003903709232132718,100,0.015,3653.4590601685386,2347.5197815355286,1397.949367000395,949.5704145351336,0.034998977357548526,0.03109526812541581,0.03499897735754859,0.031095268125415874,1011.2309452996722,294.7083333333333,354.56084189222787,197.12423410227703,0.0,1305.9392786330054,5060.760921190155,838.8367256140908,1936.8307057511688,226.4201625490522,703.3553256569737,1171.049088383557,0.0,0.0,0.0,0.0,0.0,6366.700199823161,750.0,357.4906486172659,0.0,0.13139718298929276,11000.0,522.1290158158292,16393.550822203,95488.24120341237,0.0,26.38011728770855,95.48242487488206,124633.40562939405,125939.34490802705,-119572.6447082039,0.0,-119572.6447082039,141.46,0.0,0.0,84.5458418541241,107601.70587506494,104255.57019836371,3346.135676701235,0.0,0.0,748.7188331208564,427.70312248795057,106.03667232987512,91.50581412947147,852.2551153415588,-119572.6447082039,-120424.89982354545,-2450718.018163105,408441.1164057182,2859159.134568823
21,2,184.42364164721704,1481.0817467061645,10.80052363732516,578.7658581874349,63.46380035848898,0.0,2134.111928889414,1491.8822703434896,1000.4349361403325,348.6527103269818,142.79462387617525,0.0,0.0,48689.99884557321,33380.12166502984,1491.8822703434896,48.58582895483644,552.1431919764184,53.01022697225291,35.340151314835275,4358.3894748570865,19.01173330430646,16.328418010528814,0.9655673861770291,616537.7751132835,214.73207701958907,30831.639609418933,0.048299485232347984,0.0035909333567416724,100,0.015,3963.944573618891,2537.984598129202,1505.7181149993357,1032.2664831298664,0.03451552055533497,0.030924587198593298,0.03451552055533491,0.030924587198593236,1131.2516421563544,294.70833333333337,385.1170248245815,205.54426406279288,0.0,1425.9599754896876,5266.764860444553,1009.304876005504,2330.432866873752,272.4332007750597,761.8443064189635,957.6310798908825,0.0,0.0,0.0,0.0,0.0,6692.72483593424,750.0,405.207094914034,0.0,34.7956988120634,23000.0,605.3472943122842,17426.247688054624,96114.01973643825,0.0,28.644139590595,102.6366595041381,138466.898311626,139892.85828711567,-133200.13345118143,0.0,-133200.13345118143,141.46,0.0,0.0,96.6408616033633,129468.49260409735,119841.13318435872,9627.359419738632,0.0,0.0,801.6208276492534,467.75519741252583,119.51155022128776,102.99469506042264,1263.0044940773769,-133200.13345118143,-134463.13794525882,-2585181.156108364,408441.1164057182,2993622.272514082
22,2,232.49565051855396,1640.5800701972535,12.131850687905633,635.5171881206234,78.37847040218543,0.0,2366.607579407968,1652.711920885159,1079.1182935010872,410.84148377713956,162.752143606932,0.0,0.0,53799.03871725785,36892.02777730326,1652.7119208851589,53.89810921102428,610.1946726498372,59.36058042130248,39.57372028086832,4869.649846804753,12.038832818899635,27.534887461968687,0.9802705048757313,688860.6673290004,226.7709098384887,32560.1980993389,0.04821784846666652,0.0032495850443109244,100,0.015,4372.928101515125,2808.9928916445215,1666.328594152641,1142.6642974918802,0.03422278891343712,0.0309732038691262,0.034222788913437115,0.030973203869126192,1269.2268765372664,294.70833333333337,426.6525075240458,217.06798732892602,0.0,1563.9352098706,6268.879786882653,1267.026872412496,2925.499655137141,341.99793791293155,842.1745833525646,1350.6854394730672,0.0,0.0,0.0,0.0,0.0,7832.814996753253,750.0,501.11518084156387,0.0,58.592487330731004,11000.0,710.2903473521593,18790.264112281602,96957.47411156869,0.0,31.73206888099505,112.5637251942567,128912.03203345,130475.9672433206,-122643.15224656735,0.0,-122643.15224656735,141.46,0.0,0.0,110.28883841967595,162527.75861873006,144205.03383690727,18322.72478182278,0.0,0.0,875.0604200166298,522.0560511831951,137.39818071836652,118.1972689669678,1728.5584899199675,-122643.15224656735,-124371.71073648732,-2709552.8668448515,408441.1164057182,3117993.9832505696
23,2,216.79236341000268,1775.9554156296742,13.597885707433674,698.3591644690174,95.48747701184513,0.0,2583.3999428179704,1789.553301337108,1152.2867794014628,451.45166291399397,185.81485902165105,0.0,0.0,58141.71536510019,40236.64053288589,1789.5533013371082,58.95471840889014,661.9569447162382,66.65309177132207,44.435394514214714,5420.518305235455,10.232990828602567,34.20240368561215,0.9845413045209621,766786.5194586075,237.00390066709127,34029.47036519223,0.04816025288468958,0.002995662314573874,100,0.015,4737.926498427002,3060.3251073394977,1808.6554678765992,1251.6696394628982,0.03410336968989242,0.031107707375318552,0.034103369689892485,0.03110770737531861,1382.8930577541742,294.7083333333333,462.1270049364996,226.8631357679482,0.0,1677.6013910875074,7029.794762830682,1517.4345913751022,3503.6781542828844,409.58839348048434,910.5307537287351,1541.504310387349,0.0,0.0,0.0,0.0,0.0,8707.39615391819,750.0,478.5678705930441,0.0,72.76070903746012,11000.0,824.8250935046826,18415.57620652277,97685.14168953446,0.0,34.35942338567247,120.9995763857485,129382.23056896383,131059.83196005134,-122352.43580613314,0.0,-122352.43580613314,141.46,0.0,0.0,126.34281864031165,194648.78634904916,166038.1488910629,28610.63745798625,0.0,0.0,937.4786614572766,568.2608587180839,152.66921287014202,131.1445682916054,1469.2722658533312,-122352.43580613314,-123821.70807198648,-2833374.574916838,408441.1164057182,3241815.691322556
24,2,164.01476304245782,1852.6144815830633,15.177031181042691,765.1798736029114,114.44331949341097,0.0,2747.414705860428,1867.7915127641058,1169.8293015944028,488.08622730980244,209.87598385990066,0.0,0.0,60609.13283041112,42919.46643377938,1867.7915127641063,63.01246300890415,696.6877505239779,75.0306388223238,50.02042588154919,5992.154991055561,5.8141700016752225,44.206255879873964,0.991654553998829,847650.2450347197,242.8180706687665,34864.27994095576,0.048055804004192924,0.00284663692378643,100,0.015,4975.150075068571,3214.477091224966,1881.863276302975,1332.6138149219908,0.03389580704751298,0.03104917012372655,0.03389580704751306,0.03104917012372663,1465.9646505102744,294.70833333333337,482.7009939432526,232.4285329397051,0.0,1760.6729838436077,10890.719223629669,1725.1625826503039,3983.3113649667434,465.6586680814051,947.7374364059443,1449.673165025487,7.002281656304092,2913.8536291890027,1223.818524259381,3546.6666666666674,7093333.333333334,12651.392207473276,750.0,385.8497528043598,0.0,94.01134014020707,23000.0,937.7388631004051,17008.807344566885,98122.33296792547,0.0,35.86159704507084,125.55733719732767,140460.1592027797,142220.8321866233,-129569.43997915002,0.0,-129569.43997915002,141.46,0.0,0.0,143.63841746043326,221295.07583148577,182563.18561270737,38731.89021877837,0.0,0.0,972.4714615945044,594.8553555720808,161.69945631582877,138.76523928169198,834.809575763531,-129569.43997915002,-130404.24955491355,-2963778.8244717517,408441.1164057182,3372219.9408774697
25,3,348.61879307237575,2112.9124220799013,16.815531711772152,831.8456094872106,134.4599356539197,0.0,3096.0334989328035,2129.7279537916734,1373.1787961924285,517.5825673114455,238.9665902877992,0.0,0.0,68630.39474946167,47906.96080695428,2129.727953791673,70.81285047753661,792.4060319651726,82.36414659640403,54.909431064269356,6647.28744536006,18.901130871036685,36.00830019323267,0.976147164321602,940325.2820206342,261.7192015398032,37578.14022356786,0.03813024805141958,0.002528874384751802,100,0.015,4443.59827462262,2507.589891657641,1476.7529545572258,1030.8369371004153,0.024046351589249584,0.021517477204497783,0.02404635158924975,0.021517477204497946,1641.3000496316472,294.70833333333337,550.1352010673024,250.52093482378575,0.0,1936.0083829649807,10978.800993646262,1875.2982392664112,4329.966847354346,506.18352677847963,1082.76073546825,1505.3034945460977,7.848632707864801,3266.044986835671,1371.7388944709817,4000.0,8000000.0,12914.809376611243,750.0,737.8257721518792,0.0,76.63663179049033,11000.0,1051.2849149136127,32857.26770887435,167437.14613717244,0.0,40.890776712800125,109.65601739296288,214060.70795900855,215996.71634197352,-203081.90696536226,0.0,-203081.90696536226,141.46,0.0,0.0,163.2360520541681,240553.71374190814,190847.13834450187,47555.2781801821,1110.5178757834394,1040.7793414407186,1057.6879439756685,673.2825722102496,208.47055417333863,190.28688343241654,2713.8602826120987,-203081.90696536226,-205795.76724797435,-3169574.591719726,408441.1164057182,3578015.708125444
26,3,316.4918392257458,2325.3709812521925,18.674541691279728,908.5167551869547,159.9630600281225,0.0,3412.525338158549,2344.045522943472,1525.7965089649836,545.3593855758094,272.8896284026797,0.0,0.0,75183.03012491496,52509.941872738666,2344.0455229434724,78.00379062363085,868.2526103594738,91.44848667325643,60.96565778217096,7363.125911264106,15.44049054020752,45.52516724196344,0.982216591858198,1041587.7914074205,277.1596920800107,39795.115192262885,0.0381380248263933,0.0023079448204772666,100,0.015,4869.957736202458,2765.667365824623,1628.3688101809378,1137.2985556436854,0.023966672959998093,0.021658728139520828,0.023966672959998048,0.02165872813952078,1809.582037044501,294.7083333333333,605.5123283917758,265.30076794841926,0.0,2104.2903703778343,11869.800664273695,1853.28157797136,4279.131512738828,500.2407540349954,1191.9635513095232,1529.880936458394,9.007232709792428,3748.172239936927,1574.2323407735091,4520.0,9040000.0,13974.091034651528,750.0,687.8856627123862,0.0,96.85590813340734,11000.0,1153.5642834753094,31789.261797128907,114105.82024596013,0.0,45.00567404051468,117.83979538180797,159746.2333668325,161850.52373721031,-147876.43270255878,0.0,-147876.43270255878,141.46,0.0,0.0,186.79111967543085,237729.52848549045,180767.31579542052,51091.883130812785,3030.5347956386126,2839.794763618496,1126.8919505873794,737.404922863605,247.00852397520194,232.7401255172864,2216.9749686950236,-147876.43270255878,-150093.4076712538,-3319667.9993909798,408441.1164057182,3728109.115796698
27,3,318.3749448165505,2529.0238649749385,20.713296025888113,991.1133174499594,190.04980452431386,0.0,3730.9002829751,2549.7371610008267,1656.1022746011395,563.7635443462775,329.87134205340953,0.0,0.0,81477.28882208165,57164.192470466136,2549.737161000827,85.2698176158495,942.7536669749937,101.60430195763448,67.73620130508965,8136.539074976376,14.831657234475472,52.90454407061418,0.9842677278762906,1150994.817546158,291.9913493144862,41924.67271813762,0.038080576700740644,0.0021256865592157695,100,0.015,5279.547562265165,3015.8815164634257,1772.3833233688683,1243.4981930945573,0.02387878302317818,0.02175309646396241,0.02387878302317807,0.021753096463962302,1968.9577124684056,294.70833333333337,658.7517446541692,279.49781812091743,0.0,2263.666045801739,13477.753196706091,2254.8694708210096,5206.377230741575,608.638006086857,1294.6061536829425,1861.3910906011276,11.004965137585993,4579.486969991259,1923.3845273963286,5040.0,10080000.0,15741.41924250783,750.0,700.9206563998715,0.0,112.5426441089176,23000.0,1403.5303195994884,31898.651218474228,115195.64943973631,0.0,48.954953491215875,125.55071172861265,173235.79994353864,175499.4659893404,-159758.04674683255,0.0,-159758.04674683255,141.46,0.0,0.0,227.26691841271378,289243.17948564305,206932.19627025153,66849.62082617154,7982.376640242632,7478.985748977337,1194.179713112737,799.1048579639989,283.6085134059787,272.8440765181123,2129.557525874734,-159758.04674683255,-161887.60427270728,-3481555.603663687,408441.1164057182,3889996.720069405
28,3,405.6834494761123,2810.6538178200244,22.923348597665104,1078.5005562155463,224.50600981797675,0.0,4136.583732451212,2833.5771664176896,1846.2607939127213,601.5318160717818,385.78455643318676,0.0,0.0,90210.48185204915,62970.76235204066,2833.5771664176896,94.32915217288976,1041.6436450265644,112.12109988136686,74.74739992091123,8991.314220200662,20.578710188905006,54.16868973200623,0.9802440015957855,1271911.3095895858,312.5700595033912,44879.403026609965,0.038061671381021074,0.0019239191773418487,100,0.015,5830.334178632005,3369.028160066646,1984.0657077298997,1384.9624523367463,0.023917657233013603,0.021993738055671754,0.02391765723301372,0.021993738055671872,2166.5976852320296,294.7083333333333,731.9765796476448,299.19602017739976,0.0,2461.306018565363,15558.854456556848,2782.8663840282807,6425.494852580353,751.1557848909139,1438.0091058793996,2396.12324215348,12.827564429045857,5337.923693997693,2241.927951479031,5560.0,11120000.0,18020.16047512221,750.0,874.6118935043442,0.0,115.25448182201185,11000.0,1669.0701452580151,34999.03716222656,116681.77120117685,0.0,54.40468159521965,136.72898098694915,166280.87854656993,168742.1845651353,-150722.0240900131,0.0,-150722.0240900131,141.46,0.0,0.0,266.45923493791037,356971.9362544641,244083.00369777935,86554.59496316807,13598.129948330543,12736.207645186096,1291.4378071311885,884.8701440359044,332.0552975264757,325.2139177241206,2954.730308472346,-150722.0240900131,-153676.75439848544,-3635232.358062173,408441.1164057182,4043673.474467891
29,3,306.22780598665724,2977.7811123101924,25.37296148485667,1174.9314256100718,264.7260390327483,0.0,4442.811538437869,3003.154073795049,1928.780795141464,633.0936519011871,441.2796267523984,0.0,0.0,95396.21759389226,67530.67947886085,3003.154073795049,101.43979339759073,1108.0074194541182,124.87590176649374,83.2506011776625,9891.195136710625,12.219557335037223,71.03104384262528,0.9889715924997529,1399208.464039085,324.7896168384284,46633.91028593354,0.037981251886300096,0.0018088378200791166,100,0.015,6188.167516773526,3568.3069188097043,2089.2988781131608,1479.0080406965433,0.023710113686250648,0.02190127586617153,0.023710113686250693,0.021901275866171577,2325.1522646304784,294.7083333333333,776.1484667981599,310.89273523955694,0.0,2619.860597963812,16732.660886671507,2885.9815503985774,6663.582449792342,778.988796987211,1520.8473510690408,2662.496319621163,15.028746773014149,6253.899868092941,2626.637944599035,6080.0,12160000.0,19352.52148463532,750.0,699.805787228452,0.0,151.07042445461278,11000.0,1869.081423876553,31577.87425221345,117603.34982049516,0.0,57.660558216864956,142.95470698243446,163851.79697346754,166471.65757143137,-147119.13608679606,0.0,-147119.13608679606,141.46,0.0,0.0,307.0361154629929,370199.0249884635,244355.05081707882,92888.16389632503,17020.517734258825,15935.29254080083,1347.4120869665537,935.8003057775616,362.08122869954684,357.8604523513873,1754.5072593235745,-147119.13608679606,-148873.64334611964,-3784106.0014082924,408441.1164057182,4192547.1178140105
30,3,290.1267377048963,3123.875607549612,27.959854252029615,1272.5678686638346,308.5349456772899,0.0,4732.938276142767,3151.835461801642,2011.3469473014786,640.4079602542569,500.08055424590646,0.0,0.0,99936.62292574102,71913.73959541376,3151.835461801642,108.27370783672306,1168.7696092022472,138.56342084858656,92.37561389905771,10829.025711165228,10.698914491372761,81.67669940768495,0.9908460021486396,1531873.9771014333,335.48853132980116,48170.080756542375,0.03791795087195536,0.0017149124913661716,100,0.015,6516.213603404865,3764.1950629645216,2189.0029040824033,1575.1921588821183,0.023618823590192933,0.021903911098826757,0.023618823590192895,0.021903911098826723,2457.310207107005,294.70833333333326,815.0272924095913,321.1338717102825,0.0,2752.0185404403383,19432.367723889176,3115.256061730668,7192.965463237537,840.8749430499774,1593.4818959610857,4341.931540833326,17.503162399569103,7283.576380329201,3059.1020797382644,6600.0,13200000.0,22184.386264329514,750.0,678.7226130383413,0.0,173.69776605154277,23000.0,2105.3001479295226,31045.894983715356,118422.79090057581,0.0,60.51524086659154,148.39763732926494,176385.31928950644,179137.33782994677,-156952.95156561726,0.0,-156952.95156561726,141.46,0.0,0.0,350.9241413430557,399609.1924020854,256050.94704404238,103001.88121289977,20950.362886943483,19606.001258199813,1396.298311342177,980.4348431339354,388.51779106102583,386.5845162645041,1536.1704706088349,-156952.95156561726,-158489.1220362261,-3942595.1234445185,408441.1164057182,4351036.239850237
31,3,277.24629101457793,3253.798340395121,30.661259439043988,1370.2731184030033,355.4518489201752,0.0,5010.184567157344,3284.459599834165,2006.5215877004248,730.9986063728446,546.9394057608963,0.0,0.0,103983.57865828321,76162.43409861796,3284.459599834165,114.89577388754819,1225.3678473932773,153.05009329983216,102.03339553322142,11799.31006972545,9.53616035756204,92.49723517565938,0.9922177161920412,1669130.4024633623,345.0246916873632,49539.30077938581,0.03777756143752016,0.0016359414722713224,100,0.015,6805.477064648124,3930.895474593716,2268.9848780138846,1661.9105965798312,0.023456549180632204,0.021820607708360883,0.023456549180632214,0.02182060770836089,2579.8732567210845,294.70833333333337,849.8388434304284,330.26200519590543,0.0,2874.581590054418,23211.31777036781,5060.410266946753,8390.698764353545,980.8928433877987,1654.3849909571745,5425.922778548678,19.70425932149711,8199.517007822025,3443.7971432852505,7120.0,14240000.0,26085.899360422227,750.0,663.2111753916895,699.2248970294621,196.69842358047117,11000.0,2353.5236956940303,30649.780810835386,119163.47602291494,0.0,63.06162431681598,152.89978328054468,165691.87643304333,168566.45802309774,-142480.55866267552,0.0,-142480.55866267552,141.46,0.0,0.0,386.6159943301264,466149.93135297473,292936.3691658888,122115.32493918571,26401.605266941868,24696.631980958333,1440.0266415080755,1020.2422303219196,412.129603770332,412.06112423383826,1369.2200228434376,-142480.55866267552,-143849.77868551895,-4086444.9021300375,408441.1164057182,4494886.018535756
32,3,298.1189634167335,3402.40147171229,33.4583444344657,1467.3381824872595,405.10553194006195,0.0,5308.303530574078,3435.8598161467557,2031.8462735714281,812.5563701658043,591.457172409523,0.0,0.0,108619.8698953205,80714.26698892956,3435.859816146756,121.98781501870108,1288.0009584110128,167.93797030929133,111.95864687286088,12807.414410954309,10.924857997637275,101.0337888752236,0.9915179737046819,1811736.8425735966,355.9495496850005,51107.91264791677,0.03767688925420394,0.0015565514924205349,100,0.015,7133.521307428179,4128.985196627717,2368.7742857041812,1760.2109109235364,0.02336447934196615,0.021807927849545616,0.02336447934196614,0.021807927849545602,2709.8277774671415,294.70833333333326,889.4619077913643,340.7194176527785,0.0,3004.5361108004745,25391.271394745847,5809.872355410026,9633.386666690927,1126.1660446074409,1726.033463812411,5824.550716062457,21.829662833248875,9083.959399629177,3815.262947844254,7880.0,15760000.0,28395.807505546323,750.0,710.7691882381794,802.7822222242439,214.85382293120298,11000.0,2596.959395737125,31441.197718514486,119999.32013475937,0.0,65.9685084700177,158.3581933666144,167740.20918424125,170744.74529504174,-142348.93778949542,0.0,-142348.93778949542,141.46,0.0,0.0,420.5131523489567,535188.148149496,330997.8991167894,142004.91644582205,32138.43215456127,30046.900432323164,1491.373199255841,1065.8362451653413,438.454671934016,440.1956997915577,1568.6118685309557,-142348.93778949542,-143917.54965802637,-4230362.451788064,408441.1164057182,4638803.568193782
33,3,372.36929427519954,3621.295998595335,36.363333842808906,1565.2350638982466,457.7784285128873,0.0,5680.672824849278,3657.659332438144,2126.259814898537,893.9156471011653,637.4838704384413,0.0,0.0,115452.710444257,86266.8884519629,3657.6593324381433,130.6340234715585,1372.3262397333363,182.80619354479387,121.87079569652926,13875.063661446322,16.100760047449228,105.77003564908003,0.9882675419435412,1962766.5055481968,372.0503097324497,53419.69036697362,0.037628118760275796,0.0014609801672516409,100,0.015,7590.329023542162,4417.845844863343,2528.5211744684375,1889.3246703949048,0.02336190535765036,0.02190092519039872,0.02336190535765029,0.02190092519039865,2877.7748453454833,294.70833333333326,947.0733389774255,356.1312691131575,0.0,3172.4831786788163,26025.69942185501,6607.141654260237,10955.344011615007,1280.7060341025672,1835.0778632748475,4501.815120078006,23.81893937857393,9911.75539035992,4162.937263951167,8640.0,17280000.0,29198.182600533826,750.0,859.3033791545975,912.9453343012506,224.94529598570836,23000.0,2845.732202785098,34148.066587936504,121189.83772798663,0.0,70.22705918281237,166.98376508411508,184168.0413524167,187340.52453109552,-158142.3419305617,0.0,-158142.3419305617,141.46,0.0,0.0,454.30782387823086,608630.2228675004,371171.1912120993,163250.50791585565,38367.9277452299,35840.59599431557,1569.5928818514378,1132.9415696909302,475.6171098545723,479.5077710412029,2311.777719056852,-158142.3419305617,-160454.11964961854,-4390816.571437683,408441.1164057182,4799257.687843401
34,3,468.1235514723384,3926.305216096512,39.43551784666709,1668.3099547629279,514.7456876155086,0.0,6148.796376321616,3965.7407339431793,2272.681860604058,1001.3052019860246,691.7536713530967,0.0,0.0,124978.75101067589,93107.78241554393,3965.7407339431793,141.27742856369952,1483.724449273331,197.86471519632858,131.90981013088572,15029.013585392438,22.446959249773442,109.46285088111227,0.9848712075474882,2126004.2617896143,394.49726898222315,56642.66742527867,0.03759458552166019,0.0013513366859629376,100,0.015,8198.872832014424,4803.47979260011,2752.727990824242,2050.7518017758675,0.023376904781047356,0.02202556809508442,0.02337690478104737,0.02202556809508443,3100.684706080986,294.7083333333333,1026.7545406267197,377.6177828351911,0.0,3395.3930394143194,30136.50065606875,7883.878379295346,13072.309375298948,1528.1843709198956,1987.871722386111,6035.405918609091,25.864843178098997,10763.115633181724,4520.508565936324,9400.0,18800000.0,33531.89369548307,750.0,1050.4924615134746,1089.3591146082458,232.82324448718185,11000.0,3173.8630187740396,37678.56186724227,122817.55470839696,0.0,76.14222209170904,179.30518709836957,178048.10182421224,181443.49486362655,-147911.60116814348,0.0,-147911.60116814348,141.46,0.0,0.0,492.8148987926562,726239.4097388305,436925.66367960133,196760.4540164414,47879.04350418997,44674.24853859796,1680.9048952404216,1226.3568632091126,526.0637625810491,532.4152129125956,3222.9770583050486,-147911.60116814348,-151134.57822644853,-4541951.149664132,408441.1164057182,4950392.26606985
35,3,435.28795742675936,4182.458427591928,42.750385910355284,1781.2499195087923,577.6256007372997,0.0,6584.084333748375,4225.208813502283,2408.893131280584,1060.4296295240656,755.8860526976329,0.0,0.0,132992.8253639726,99560.28522547783,4225.208813502282,151.3153863103844,1582.1947992237526,214.9033524100591,143.26890160670607,16253.036130599423,18.88419424406601,124.38470736264006,0.9880645580093356,2299154.4910345944,413.38146322628916,59354.09591481072,0.037564899773285074,0.0012672732374395621,100,0.015,8735.834291258385,5123.937185218645,2930.2849638196262,2193.6522213990193,0.023300679594512357,0.022033406357072797,0.02330067959451231,0.02203340635707275,3317.188772706397,294.70833333333337,1094.1310499531667,395.69397276540485,0.0,3611.8971060397303,33060.17484357285,9038.055565555238,14986.057980595147,1751.9061804732683,2116.2606080055198,6593.377575095896,28.54390969754894,11877.95335090048,4988.740407378201,10160.0,20320000.0,36672.07194961258,750.0,1002.8052512519562,1248.8381650495958,264.5336399395341,11000.0,3527.971500464759,36581.48527700637,124210.09010949892,0.0,81.12400921924382,189.6295383962412,178856.4774908266,182468.3745968663,-145796.30264725373,0.0,-145796.30264725373,141.46,0.0,0.0,540.3980394891765,832558.7766997304,494205.5050360633,227791.1879155021,57231.75671322171,53330.32703494338,1774.4911766662935,1304.9024550634883,568.725055108359,577.0901266641418,2711.4284895320525,-145796.30264725373,-148507.7311367858,-4690458.880800918,408441.1164057182,5098899.997206636
36,3,328.47981586697745,4320.723759360459,46.26455129695443,1900.0587475990676,645.517091358872,0.0,6912.564149615353,4366.988310657413,2434.3300234910043,1108.6225910172984,824.0356961491103,0.0,0.0,137340.74331735703,104653.56115163787,4366.988310657412,159.2440327145481,1646.5826038298612,234.3532076853365,156.23547179022432,17509.030054953724,10.245341329432165,145.99013046079216,0.9937778151514524,2476827.391573754,423.6268045557213,60825.141489039124,0.037474970128417384,0.0012178316922789078,100,0.015,9068.729331222725,5301.876960589733,3009.0118209284533,2292.86513966128,0.02312692981020191,0.021909098117923003,0.023126929810201823,0.021909098117922916,3472.14403729966,294.7083333333333,1131.5580858429898,405.50094326026084,0.0,3766.8523706329934,34379.77481751142,9943.54302624801,16487.452554706742,1927.4228131408454,2182.0367532404593,6000.388957389182,31.929120044035916,13286.63811078853,5580.388006531182,10920.0,21840000.0,38146.62718814441,750.0,815.0645838423688,1373.9543795588954,310.4326468062738,23000.0,3881.4251755590935,32775.1159289377,125018.8503995589,0.0,83.84617556462233,194.73993023548374,188203.42922006335,191970.28159069634,-153823.65440255194,0.0,-153823.65440255194,141.46,0.0,0.0,594.5384068493042,915969.5863725969,537294.9702631788,252737.9322108864,65233.117289419286,60703.56660911245,1824.174935711435,1347.5678198769594,592.8486997572962,602.396855311722,1471.045574228403,-153823.65440255194,-155294.69997678034,-4845753.580777698,408441.1164057182,5254194.697183416
37,4,515.3030451848531,4644.61679835108,49.87049496370791,2017.2179449775053,716.1619565079117,0.0,7427.867194800206,4694.487293314788,2650.867444312194,1147.4558478287513,893.7724074174607,2.391593756383723,0.0,147439.94153765973,112219.47289334606,4694.487293314789,171.04321338655635,1766.746664111706,252.40804938632482,168.27203292421655,18855.09663675489,23.79753574697844,144.4744971772381,0.9865303066758904,2667241.970235347,447.42434030269976,64242.03688690821,0.03749308049198672,0.0011349803510076095,100,0.015,9735.431325763837,5742.359236953408,3260.6293595783195,2481.7298773750886,0.023249946794788215,0.022114966443780606,0.023249946794788156,0.022114966443780547,3698.363755477116,294.70833333333326,1216.3826266753363,428.28024591272145,0.0,3993.072088810449,36138.16251284833,10367.381112725625,17187.18678125049,2007.3933697747289,2346.7467569246337,5966.848275267758,34.82713097692396,14492.584984779645,6086.885693607451,11680.0,23360000.0,40131.234601658776,750.0,1176.1466494359843,1443.6506985280737,307.26717809866324,11000.0,4173.777609582961,47422.494205866635,183000.59560450673,0.0,90.13415603164397,208.00177223552438,249572.06787428624,253565.13996309668,-213433.9053614379,0.0,-213433.9053614379,141.46,0.0,0.0,647.2524611326412,954843.7100694719,551665.5673746327,264820.0353973514,71276.33246626858,67081.7748312192,1940.7814397843572,1448.385131534473,647.5232555419069,657.7974664540518,3416.8953978690843,-213433.9053614379,-216850.800759307,-5062604.381537005,408441.1164057182,5471045.497942723
38,4,467.7703253751715,4904.797467829638,53.72854812724311,2140.636424706871,796.4750795116255,0.0,7895.637520175376,4958.526015956881,2798.1309739129542,1190.5878432890704,962.2364173388,7.5707814160559215,0.0,155568.3688954041,119154.34470644049,4958.52601595688,181.8520451045121,1869.2859262420216,272.7182363620826,181.81215757472174,20269.85216906011,19.15365322999287,162.65850434472887,0.9897534919826315,2867373.287835243,466.57799353269263,66992.15480961172,0.0374687856737125,0.0010727483340181834,100,0.015,10293.526475648217,6073.0224722106495,3438.9955889712082,2634.0268832394413,0.023178756215886546,0.022106007881868363,0.023178756215886616,0.02210600788186843,3925.795670104224,294.7083333333333,1285.094515265348,446.6143653974115,0.0,4220.504003437557,36590.24775753218,9753.725918020524,16164.369255173973,1884.6199457047367,2476.9974264877837,5754.993286439821,38.17532104005576,15885.86452501176,6672.063100504939,12493.333333333334,24986666.666666668,40810.75176096974,750.0,1102.2442275493286,1378.346115229373,345.90869143089407,11000.0,4360.420616222944,45586.19892161061,129971.94614653697,0.0,95.20369950637212,218.42072772064031,194808.68914580712,199029.19314924467,-158218.44138827495,0.0,-158218.44138827495,141.46,0.0,0.0,703.4043605276507,898020.5141763319,509795.77123510913,249353.0295881637,70830.67253690696,68041.0408161522,2034.325108081819,1529.486730716524,691.9132551297109,702.8009220288263,2750.11792270351,-158218.44138827495,-160968.55931097845,-5223572.940847984,408441.1164057182,5632014.057253702
39,4,470.91525549750946,5157.968784557335,57.78138184687018,2266.0808254505478,884.7217838181341,0.0,8366.552775672888,5215.750166404206,2911.4066039534882,1225.5184230903697,1059.4170305490977,19.408108811249488,0.0,163488.5943478635,126132.73327851432,5215.750166404206,192.7202333034056,1970.8202365968684,294.3008408050637,196.2005605367091,21750.171004315205,18.66305069150144,177.53750984520767,0.990530313041778,3076779.190270429,485.24104422419407,69671.8310876938,0.037390536968170705,0.0010175643339136887,100,0.015,10829.09695738476,6392.106291278837,3608.2856226370454,2783.820668641791,0.023088129176862315,0.022070564842948625,0.02308812917686229,0.0220705648429486,4142.282332772599,294.70833333333337,1352.1175999269028,464.4788739179587,0.0,4436.990666105932,39777.50701990543,10990.672519186495,18202.07231311824,2114.819546258635,2599.745109280753,6445.182130934033,43.13430255865301,17949.44137100121,7538.765375820507,13306.666666666666,26613333.333333332,44214.49768601136,750.0,1122.1898059405792,1598.0037904796823,377.54088449480037,23000.0,4914.170184700547,45791.95678788622,131373.2350151743,0.0,100.14240319496075,228.24193516419814,209255.4808070353,213692.47147314122,-169477.97378712986,0.0,-169477.97378712986,141.46,0.0,0.0,788.8563121773886,1011226.23961768,558247.2048366512,279751.04978059843,86770.46657492238,86457.51842550804,2125.8717907321407,1608.3253289345862,735.0401222420664,746.5129244954113,2679.6762780820864,-169477.97378712986,-172157.65006521193,-5395730.590913195,408441.1164057182,5804171.707318913
40,4,601.031954605639,5532.001962107891,62.01970113869873,2392.994704032196,980.5683629997409,0.0,8967.584730278526,5594.02166324659,3109.4132565032187,1298.726329512626,1154.0995980397229,31.782479191022286,0.0,175180.9672358155,134835.1171257279,5594.02166324659,206.25604606733785,2109.685767637234,315.689450633822,210.45963375588133,23333.70768756274,27.551658626589415,182.9079751292919,0.9869403969779603,3300786.289482625,512.7927028507835,73627.7505814509,0.03735269315277091,0.0009506227199155317,100,0.015,11579.935671580273,6867.146972337266,3880.4226923968363,2986.7242799404294,0.023101560425227444,0.022150937705311912,0.02310156042522741,0.022150937705311877,4418.080365909687,294.70833333333337,1450.0694273284819,490.85167054300604,0.0,4712.78869924302,44414.591790895916,12802.37296938551,21190.22594244975,2454.589709178309,2785.1761295842803,7792.313396922679,47.582322666198245,19800.39227089936,8316.16475377773,14119.999999999998,28239999.999999996,49127.38049013894,750.0,1380.936657928788,1906.4425438980604,388.9963628886192,11000.0,5515.9292570955095,51185.93765870128,133385.65577601318,0.0,107.40521593433455,243.32091407527435,205864.62438653506,210577.41308577807,-161450.03259563912,0.0,-161450.03259563912,141.46,0.0,0.0,869.368876489035,1177234.7745805418,635343.9268014365,324609.9099569341,107512.39493562527,109768.54288654603,2263.227005947681,1724.1165788902676,797.1983059503054,809.4797724583352,3955.919493757101,-161450.03259563912,-165405.95208939622,-5561136.5430025915,408441.1164057182,5969577.6594083095
41,4,454.0141253227499,5740.449812379734,66.54810741768347,2527.64237928647,1086.9585565173888,0.0,9421.598855601276,5806.997919797417,3156.040594318959,1358.8013820813335,1247.5935079065753,44.56243549054929,0.0,181731.10442599125,141590.55098856473,5806.997919797417,216.76047763900846,2200.4587261419506,340.76093510083143,227.17395673388762,24966.231521869973,15.434603869587932,211.7393528642997,0.9929857335262773,3531723.1110837264,528.2273067203714,75843.88033079369,0.03725319295137254,0.0009115019931327048,100,0.015,12044.764014515638,7113.652996132588,3998.408377047538,3115.2446190850496,0.022913285285413653,0.022001783292280946,0.022913285285413598,0.022001783292280894,4636.402685049727,294.70833333333337,1505.9395993591063,505.62586887195795,0.0,4931.11101838306,45957.77837146393,12718.879154331738,21041.433440749286,2430.952923007745,2883.2011880460145,8255.790280745685,52.92141887458339,22022.145925922094,9249.301288887278,14933.333333333334,29866666.666666668,50888.88938984699,750.0,1122.5740975151257,1932.879513567553,450.2438634610398,11000.0,5918.8955378266,45284.15343241315,134579.73785859303,0.0,111.49436006011042,251.14419389031852,201401.12285732693,206332.23387571,-155443.344485863,0.0,-155443.344485863,141.46,0.0,0.0,956.2336409304204,1168968.5244860714,619073.4043511893,321373.11005733744,112076.31021602887,116445.69986151575,2339.3890769022473,1789.0578098713204,832.9505272383374,845.6005057855118,2216.1297493427846,-155443.344485863,-157659.4742352058,-5718796.017237797,408441.1164057182,6127237.133643515
42,4,430.0726018368342,5920.59895452194,71.21801508244756,2660.296000272749,1199.5584875609732,0.0,9851.67145743811,5991.816969604388,3216.951540290167,1369.7099654900946,1346.8201271708904,58.33533665323409,0.0,187406.1892357294,148041.8401081108,5991.816969604388,226.78787359494547,2283.1841848487816,367.0426251898305,244.69508345988703,26637.677998069037,13.37264906390078,231.32243439598625,0.994142982790157,3768165.929606846,541.5999557842722,77763.9506914218,0.037170570295259595,0.0008785513926249721,100,0.015,12468.794555131515,7357.7731240162475,4110.598667490042,3247.174456526205,0.022812718477787323,0.02193416708516235,0.022812718477787413,0.021934167085162444,4816.31309778194,294.7083333333333,1554.6512107998333,518.426337942812,0.0,5111.021431115273,52345.83165536843,13250.225055785464,21910.406555453872,2525.2676641413236,2968.0344425560356,12964.288069832244,58.84429651178284,24486.82806033159,10284.467785339268,15746.666666666666,31493333.333333332,57456.8530864837,785.034568668093,1091.1844571212866,2050.523921534214,491.8707928953748,23000.0,6435.628396711623,44367.52913922009,135635.00199585178,0.0,115.04288581640422,257.89086840330594,214229.70702622217,219340.72845733745,-161883.87537085376,0.0,-161883.87537085376,141.46,0.0,0.0,1051.3309956482362,1217244.8086363266,633846.4351110952,333690.23486143345,121610.35580594394,128097.78285785366,2405.2825234038496,1845.2663903219482,864.1383010367042,877.1297548418851,1920.0703606281022,-161883.87537085376,-163803.94573148186,-5882599.962969279,408441.1164057182,6291041.079374997
43,4,409.2558885084151,6077.490964092041,75.99815979443443,2789.9749828525873,1317.463239207462,0.0,10260.927345946524,6153.489123886476,3183.4387849174122,1475.9328201530268,1424.5592320544604,69.55828676157753,0.0,192364.22156919306,154234.1668639624,6153.489123886477,236.4070509558627,2359.365973222528,394.33318750686084,262.88879167124054,28339.82199211345,11.683001869700774,251.20578980153977,0.9950482451631937,4008951.219004369,553.282957653973,79441.41829757698,0.03705290702346559,0.0008502876619409627,100,0.015,12842.47786109672,7566.221030849809,4199.298864023957,3366.9221668258515,0.022680224797696102,0.02182993713575514,0.022680224797696,0.021829937135755036,4981.548496913562,294.70833333333337,1597.4740437105847,529.6094553171798,0.0,5276.256830246895,58112.148344611815,15095.038222211686,24952.9749161358,2871.103717406092,3038.207250716656,15788.673458618898,64.0083822147391,26635.754739602635,11187.016990633107,16560.0,33120000.0,63388.40517485871,835.1981706259102,1064.9512141189637,2365.3344948257613,534.1376983049065,11000.0,7026.083096976445,43582.14414020418,136575.5501421619,0.0,118.14699117862037,263.4315493358602,203364.97749773256,208641.23432797944,-145252.82915312075,0.0,-145252.82915312075,141.46,0.0,0.0,1128.5786741740246,1386276.384229767,712933.0476173374,379540.5392985389,142454.01177166856,151348.78554222203,2462.985503935847,1894.3011132265547,891.5138997463863,904.6886069776876,1677.4676061551872,-145252.82915312075,-146930.29675927595,-6029530.259728555,408441.1164057182,6437971.376134273
44,4,438.4557629869624,6262.499155219388,80.86154883429892,2916.0777270218277,1439.9446778579725,0.0,10699.383108933489,6343.360704053687,3196.355298048852,1568.872779030924,1497.7600396833893,80.37258729052057,0.0,198203.8007438911,160837.7533758391,6343.360704053688,246.65793709354435,2444.280233254975,421.85356631755707,281.2357108783714,30081.0129481725,13.76026008458939,267.475450793782,0.9943704245129596,4255260.091648483,567.0432177385624,81417.14258501648,0.03696973838035202,0.0008208195679630343,100,0.015,13273.672323481427,7821.643659077838,4317.827514685422,3503.816144392416,0.022605606229368684,0.02178478666140565,0.02260560622936859,0.021784786661405556,5157.320331070241,294.70833333333337,1647.504660286808,542.7809505667766,0.0,5452.028664403574,62194.43489468788,16989.155280674597,28076.545017820463,3225.9571321561352,3124.688540086525,16576.704360389234,68.9097211263358,28675.34481558645,12043.644822546308,17613.333333333332,35226666.666666664,67646.46355909145,886.512519093434,1132.1246547938852,2689.706799477881,568.7373490250152,11000.0,7600.136465489933,44858.52022306128,137657.8815065976,0.0,121.79252551783075,270.36351104181887,206785.77555409868,212237.80421850225,-144591.3406594108,0.0,-144591.3406594108,141.46,0.0,0.0,1201.0336319504138,1559808.0565455814,793295.7647197843,426981.6353614563,164057.61068949374,175473.04577484727,2531.671732377704,1951.866766070127,923.234012116499,936.5881934893569,1975.7242874395015,-144591.3406594108,-146567.0649468503,-6176097.324675405,408441.1164057182,6584538.441081123
45,4,545.7946226495139,6550.959522088445,85.82720193962953,3040.7876175237334,1567.6033900311945,0.0,11245.177731583002,6636.786724028075,3312.0986551338806,1659.8263291506814,1573.4291296783915,91.43261006512164,0.0,207273.58336389376,168902.37696809223,6636.786724028074,259.1655624810497,2561.012944289076,448.7402800341649,299.16018668944326,31894.12542573797,21.37184273529067,277.7883439541526,0.991654925921812,4511742.982724894,588.415060473853,84485.75237145073,0.03693768528055455,0.0007834321286061046,100,0.015,13895.06923285327,8211.496446132935,4524.548277002508,3686.948169130427,0.02261230295513646,0.021828870826530355,0.022612302955136495,0.02182887082653039,5388.864453386977,294.70833333333337,1723.988071627281,563.2383491430048,0.0,5683.57278672031,61684.44890674495,18950.182552112965,31310.41719145132,3593.3178257319814,3266.195654215753,12516.483668190172,73.42391942643268,30553.834391591146,12832.61044446828,18666.666666666668,37333333.333333336,67368.02169346526,939.9464547343529,1347.075383849091,3025.680402455623,590.6955598204121,23000.0,8169.4107548204065,49402.69470603506,139260.93012501145,0.0,127.42630510133907,281.92556131200445,226145.78525313974,231829.35803986006,-164461.3363463948,0.0,-164461.3363463948,141.46,0.0,0.0,1270.6566347450619,1739467.6217472956,874640.8391243959,477136.7989253682,186797.99305372153,200891.9906438097,2639.801594634932,2040.9362310038048,971.1963293491926,984.8525690401449,3068.6097864342446,-164461.3363463948,-167529.94613282903,-6343627.270808235,408441.1164057182,6752068.387213953
46,4,683.7356516629068,6965.029309067302,90.98301627569847,3169.8615190326377,1703.0395388702698,0.0,11928.913383245908,7056.012325343001,3504.020294930076,1783.5573145390283,1664.3171174616448,104.117598412251,0.0,220270.2055963061,178836.47095904633,7056.012325343,274.5571413496924,2717.161852558472,475.28433014516224,316.85622009677485,33819.14672805451,30.62496402378133,286.2312560729935,0.9887290615408334,4784056.496150591,619.0400244976344,88882.94289341688,0.036924866854205575,0.0007384199529733,100,0.015,14736.960892430878,8741.68993531579,4824.609440088179,3917.080495227611,0.022641561265377322,0.02190314131240402,0.022641561265377218,0.021903141312403916,5700.562623781761,294.70833333333337,1832.6423666731732,592.5529526227792,0.0,5995.2709571150945,70600.90007867698,22156.170565695364,36599.47369618554,4195.45049555822,3471.12107250799,16433.868551810287,78.04995334754507,32478.862031353277,13641.122053168376,19720.0,39440000.0,76596.17103579207,996.67843669804,1622.7783570737547,3567.036462470324,608.6848983856914,11000.0,8927.1286927694,55296.23146707505,141500.53714847355,0.0,135.47543664658562,298.8365557103844,223953.38745530276,229948.65841241786,-153352.4873766258,0.0,-153352.4873766258,141.46,0.0,0.0,1348.4400823014596,2033304.0942325299,1010937.0068163374,558742.3803313678,222815.02891826024,240809.67816656458,2796.196415355759,2168.1879154583507,1038.8231439722306,1052.8048505566594,4397.190521966157,-153352.4873766258,-157749.67789859197,-6501376.948706827,408441.1164057182,6909818.065112545
47,4,633.5785507926552,7307.253290572481,96.43979749130705,3309.273752665015,1849.525093309762,0.0,12562.491934038564,7403.693088063788,3682.784201272584,1829.065517797558,1773.067835387375,118.77553360626918,0.0,231037.66941907041,188090.44944101802,7403.693088063786,288.8884750200828,2853.5335565231885,504.84583110766096,336.5638874051073,35831.27056606493,25.372222590047386,311.19166481505994,0.9911084898468965,5068691.534275545,644.4122470876817,92525.93482011881,0.036903422267121545,0.0007031461743365197,100,0.015,15467.261954318152,9171.478086512085,5055.630550388263,4115.8475361238225,0.022585424346118314,0.021882278171781795,0.02258542434611835,0.02188227817178183,6001.075534472731,294.7083333333333,1923.1453907709672,616.8395654674588,0.0,6295.783867806064,76174.67714561791,24923.301331517083,41161.55884620042,4713.021037747219,3639.7874839703263,17582.677411187684,84.09949909740283,34996.25446190455,14698.426873999912,20773.333333333332,41546666.666666664,82470.46101342398,1055.9774029740718,1548.9950769875688,4045.1826842876344,661.7311618981771,11000.0,9737.526820843905,53343.52282908528,143393.0570095251,0.0,142.1509072908247,312.7293097779264,225240.8732026705,231536.65707047656,-149066.19605705258,0.0,-149066.19605705258,141.46,0.0,0.0,1448.6434210402047,2286753.269233357,1124376.1839698958,629331.0425882759,255577.3772655757,277468.66540960985,2925.9018783243505,2273.402420277216,1095.062002580869,1109.3267868813505,3642.9919267019286,-149066.19605705258,-152709.1879837545,-6654086.136690581,408441.1164057182,7062527.253096299
48,4,476.6023350825017,7477.924584656695,102.13447629618108,3453.7844063636962,2005.2508018044932,0.0,13039.094269121066,7580.059060952875,3701.9701042023607,1854.1729811599087,1889.964818494485,133.9511570961224,0.0,236462.8137779935,195224.35491894564,7580.059060952876,299.93553539959794,2939.309215900003,538.3290444059948,358.88602960399646,37873.36470795494,12.783694705035828,346.10233489896063,0.9956507826274679,5357566.171587306,657.1959417927176,94361.44199488779,0.03681482371527671,0.0006826895833455495,100,0.015,15892.487015724731,9387.984178967772,5142.402451670888,4245.581727296884,0.02242988259653073,0.021747193013185177,0.02242988259653076,0.02174719301318521,6209.7945034236,294.7083333333333,1969.9986490881186,629.0762799659186,0.0,6504.502836756933,77764.85957236103,27022.065867483907,44619.37964595865,5103.887477606319,3717.2084768823183,15719.220413440351,91.7139689199869,38164.857442464694,16029.240125835171,21826.666666666668,43653333.333333336,84269.36240911797,1116.1596190806888,1272.8871479762602,4416.456552336091,735.9018657464413,23000.0,10559.385097214217,46836.73701040348,144435.00593006585,0.0,145.53713397029526,318.9776580329144,232837.04801482623,239341.55085158316,-155072.1884424652,0.0,-155072.1884424652,141.46,0.0,0.0,1568.5153894595,2478854.4247754808,1207133.2345282047,682758.9953117773,281841.2717626399,307120.9231728587,2990.873636991848,2326.33477341452,1124.2420677175592,1138.6085828289488,1835.50717476898,-155072.1884424652,-156907.6956172342,-6810993.832307816,408441.1164057182,7219434.948713534
49,5,685.8445587882875,7857.468629449133,107.91142518500534,3593.859307228798,2165.699466046415,0.0,13724.938827909351,7965.380054634138,3939.8869061344417,1874.722482572364,1998.1738692418594,152.59679668547489,0.0,248370.0499834843,205205.65909034133,7965.380054634139,315.41707416379137,3088.3233968284117,569.4526347957643,379.6350898638429,40012.600380123746,28.057957975142017,351.5771318887009,0.9909148251753828,5660182.449772306,685.2538997678596,98390.05691107883,0.036821816125431214,0.0006497445243157092,100,0.015,16701.48135847849,9913.195790442398,5428.290988059729,4484.90480238267,0.02250540300012908,0.02185565847581337,0.02250540300012899,0.021855658475813285,6493.577234702754,294.70833333333337,2070.1992821994827,655.9337127405256,0.0,6788.285568036087,79664.79343667775,27587.815358730302,45541.49736175262,5202.062741731583,3906.5942153005954,15279.228832587774,97.95923961666738,40763.69673199923,17120.752627439677,22880.0,45760000.0,86453.07900471383,1179.204677035897,1680.5605985956124,4553.163226862374,747.6059835320626,11000.0,11122.731020554447,63718.613569282235,203499.4403980894,0.0,152.93529704897549,334.4449462015536,297988.69971720263,304776.9852852387,-218323.90628052488,0.0,-218323.90628052488,141.46,0.0,0.0,1670.9475874117793,2530083.1867640344,1221755.8870811134,697316.4401978927,292033.6560654819,318977.20341954636,3131.9311496968685,2443.697932956513,1187.6002216085953,1202.1507503721627,4028.6149161910434,-218323.90628052488,-222352.52119671594,-7033346.353504531,408441.1164057182,7441787.469910249
50,5,621.3100089098281,8154.9677880688905,113.9501641809061,3739.53060708462,2337.8002774847637,0.0,14346.24883681918,8268.917952249796,4088.3156040535346,1914.6476210259166,2091.4099159440075,174.5448112263385,0.0,257733.37667517754,214285.50551368264,8268.917952249798,329.49458421553817,3213.982397238917,603.5267518250454,402.35116788336364,42220.704857654266,22.06354373837894,380.2876241449847,0.993135138587774,5972540.909163773,707.3174435062385,101557.98244176838,0.03679711327415385,0.0006243570849680906,100,0.015,17368.93227544297,10301.291326866834,5624.7465895354135,4676.544737331421,0.022448253788204572,0.021823896703236482,0.022448253788204572,0.02182389670323648,6772.932615242792,294.7083333333333,2149.603134116334,677.0532162784559,0.0,7067.640948576125,77984.51513721333,25293.15040961335,41739.35769151662,4759.187128278611,4052.3096122822326,14340.059857532524,104.37059758504829,43431.64977947164,18241.292907378087,23893.333333333332,47786666.666666664,85052.15608578945,1244.2793560757862,1579.8109815877574,4226.3416445825205,808.6221845783533,11000.0,11332.849916326057,61000.91647446634,150728.85432475925,0.0,158.7632246831961,346.2951702686044,242426.73327732788,249494.374225904,-164442.21814011456,0.0,-164442.21814011456,141.46,0.0,0.0,1769.5116781149568,2318853.2050842564,1111734.6998163066,639413.9676964012,271170.2456263802,296534.29194516886,3242.7963186109446,2535.820315893322,1237.7704285320488,1252.5308892134813,3167.92553068955,-164442.21814011456,-167610.1436708041,-7200956.497175335,408441.1164057182,7609397.613581053
51,5,624.4109893679324,8445.466269636445,120.17634519957234,3885.8567506410122,2519.1604607100853,0.0,14970.659826187115,8565.642614836017,4190.897953166188,1959.4563746155634,2204.280196572131,211.00809048213515,0.0,266889.04387529404,223399.9837089047,8565.642614836017,343.61792907973756,3338.6144317787152,638.9705134565207,425.9803423043472,44494.36843367212,21.57421933200567,404.4061229723415,0.9935379721819175,6294173.358627259,728.8916628382442,104655.6498444745,0.03673064060502353,0.0006010910233611587,100,0.015,18008.630064781675,10675.494104657633,5811.209825614784,4864.284279042849,0.022374970315049567,0.02177387929168841,0.02237497031504957,0.021773879291688416,7038.4276267906735,294.70833333333337,2227.3151359789385,697.7043322964965,0.0,7333.1359601240065,82552.86726753532,27285.66016061559,45001.52999524471,5115.441435960603,4189.326990075353,15383.028942054587,112.69040346544773,46893.76366586813,19695.380739664615,24906.666666666668,49813333.33333333,89886.00322765933,1311.286116380679,1604.2801251162884,4654.350505090535,859.8984697726897,23000.0,12232.418885986652,61273.12045754608,152388.18936748276,0.0,164.46033820485155,357.47205194254195,257845.47631752308,265178.6122776471,-175292.60904998775,0.0,-175292.60904998775,141.46,0.0,0.0,1900.9554607074726,2500084.9997358173,1188416.7699652186,689942.2950369717,296968.4020835376,324757.5326500891,3351.694969264496,2625.6256416530446,1286.6772161408392,1301.6447877776363,3097.667402706109,-175292.60904998775,-178390.27645269386,-7379346.773628029,408441.1164057182,7787787.890033747
52,5,795.7186684620054,8897.889098232537,126.57966491421534,4032.4493313945004,2709.4604001078665,0.0,15766.37849464912,9024.468763146753,4403.457781279782,2059.278443242305,2315.001172113081,246.73136651158464,0.0,281103.1628600657,234857.2974186116,9024.468763146751,361.3569554580623,3513.5099546327697,673.260173611795,448.84011574119666,46885.7780989519,33.49384745928546,415.3462682819112,0.990467126067162,6632462.169877736,762.3855102975297,109464.76010098887,0.03670696410747501,0.0005711839492005983,100,0.015,18939.342096325694,11260.387585180928,6134.831656508973,5125.555928671956,0.022395312835160223,0.021824128885959623,0.022395312835160327,0.021824128885959727,7384.246177811417,294.7083333333333,2346.4564296512035,729.7650673399258,0.0,7678.95451114475,90249.1411298361,30604.06946356646,50449.48084826247,5719.55674718252,4410.231843264454,17934.548774710707,119.9034631135486,49895.32816509866,20956.037829341436,25919.999999999996,51839999.99999999,97928.09564098086,1381.7629520578619,1945.0708914941838,5312.172886624484,883.2083751535004,11000.0,13223.01191042331,69116.94457617027,154864.37472721757,0.0,173.26980025241767,375.69277160458716,258275.50889099817,265954.4634021429,-168026.36776116205,0.0,-168026.36776116205,141.46,0.0,0.0,2018.2447283553586,2802748.936014582,1322290.3565700068,774184.525694879,337366.86993985827,368907.18380983814,3522.51970613768,2764.461715693251,1361.1151953758474,1376.3721459399744,4809.110256514381,-168026.36776116205,-172835.47801767645,-7552182.251645706,408441.1164057182,7960623.368051424
53,5,599.8732518003253,9132.412192141519,133.300647774272,4187.300156207066,2913.238750326589,0.0,16366.251746449447,9265.712839915792,4419.765154249304,2138.8591068830547,2425.083876196972,282.004702586459,0.0,288538.4005321498,243594.0064876226,9265.712839915792,374.8781117101547,3623.9713337259377,712.9559141813919,475.3039427875947,49321.48957570885,17.52023580772925,457.7837069798654,0.9951654596037558,6977017.915379775,779.9057461052589,111980.34884671068,0.03661761977630743,0.0005538251935901789,100,0.015,19485.422150901297,11538.185232895277,6256.355501422351,5281.829731472925,0.022236746738465273,0.021682921544875094,0.02223674673846531,0.021682921544875135,7652.528584672647,294.70833333333337,2410.147737906487,746.5356589780712,0.0,7947.23691800598,91025.44168762314,29483.467770396197,48581.17723072769,5494.979835727738,4516.3245376441755,18425.432706820564,128.69810653354688,53555.03580106815,22493.115036448624,26933.33333333334,53866666.66666667,98972.67860562912,1453.5453990374533,1600.7530682240852,5194.851574989009,973.3675244002844,11000.0,13768.975420683011,60476.601003778196,156262.135296492,0.0,177.90168652638317,384.34323567404664,251292.47420980447,259239.71112781044,-160267.03252218134,0.0,-160267.03252218134,141.46,0.0,0.0,2153.5673941792375,2698954.2905959827,1264811.57733687,746229.9930272663,328624.138656559,359288.58157528745,3611.759987732332,2836.8950905546585,1400.8493085052758,1416.2084531235246,2515.588745721805,-160267.03252218134,-162782.62126790313,-7714964.872913608,408441.1164057182,8123405.989319326
54,5,567.1870119473705,9330.675120032918,140.14433597523495,4338.396707087,3124.2225953016614,0.0,16933.438758396816,9470.819456008154,4462.377878336075,2146.0009145983145,2543.3562296705168,319.08443340324504,0.0,294848.7193842599,251885.75578242753,9470.819456008154,387.70638679952253,3723.711778276678,754.048508148593,502.6990054323953,51788.453840404545,14.869501041778904,487.8295043906164,0.9960068066684097,7325994.680263627,794.7752471470378,114115.34005834126,0.03654096809164555,0.0005390337480428378,100,0.015,19978.207011668503,11813.706250270408,6371.019786180645,5442.686464089764,0.022146791785742335,0.021607758037699494,0.02214679178574235,0.021607758037699508,7869.792428064735,294.70833333333337,2464.631460701919,760.768933722275,0.0,8164.500761398068,102619.91175667607,29873.949689909914,49204.87975344182,5553.563732568193,4605.796569025643,28241.39505220015,138.39752860325743,57591.248222403316,24188.32425340939,27946.666666666668,55893333.33333333,110784.41251807414,1526.248891721589,1557.29913485454,5335.966730734983,1037.236761189265,23000.0,14568.438530207088,59115.029855400746,157480.7000743672,0.0,181.8397335553565,391.6215370670345,264194.3812490978,272358.8820104959,-161574.46949242172,0.0,-161574.46949242172,141.46,0.0,0.0,2303.6872103813976,2733604.4307467677,1272722.9516293341,756774.2879194063,336399.67565110046,367707.51554692665,3687.579906152577,2898.199192271851,1434.7662245422541,1450.2741330414706,2134.9912116305786,-161574.46949242172,-163709.4607040523,-7878674.33361766,408441.1164057182,8287115.450023378
55,5,537.9725498704062,9498.445510552607,147.07124165481187,4484.702185420468,3341.192370639337,0.0,17471.411308267223,9645.516752207419,4395.376269531139,2267.538294416838,2634.5157975124803,348.08639074695907,0.0,300214.8046974292,259786.12829503405,9645.516752207419,399.9230531354027,3814.460937234931,796.2531064552815,530.835404303521,54275.82626688068,12.644529226563918,518.1908750769571,0.9966851071659605,7677858.383712941,807.4197763736017,115930.86558929684,0.03644152644917903,0.0005262640041660425,100,0.015,20407.288811209783,12045.506241723499,6457.559426761439,5587.946814962059,0.022036060742103986,0.021509796737937945,0.022036060742104013,0.021509796737937972,8067.074236152956,294.70833333333337,2511.3599513357053,772.8724372619789,0.0,8361.78256948629,112955.23654454645,33367.941121227654,54944.07237028044,6191.790985374259,4677.34908080096,33757.7377577524,146.70234304195571,61047.1237326602,25639.791967717283,28960.0,57920000.0,121317.01911403274,1599.553829940196,1519.3915565082682,6017.6543856174485,1101.7787265238703,11000.0,15593.60886890376,57899.472232013526,158547.5709364904,0.0,185.1939216423824,397.4075010255352,253861.63195866538,262223.4145281517,-140906.39541411895,0.0,-140906.39541411895,141.46,0.0,0.0,2425.0840837022383,3052448.46501558,1414287.479910802,845798.8878625301,378583.63989044627,413778.45735180133,3752.353270234251,2950.1475380181705,1463.7281823866829,1479.2877615683142,1815.5255309555796,-140906.39541411895,-142721.92094507453,-8021396.254562735,408441.1164057182,8429837.370968454
56,5,574.644108817726,9703.26603383037,154.04688175651933,4625.623931998576,3563.118569499481,0.0,18046.055417084946,9857.31291558689,4390.823981065564,2370.9921216441144,2719.868946930551,375.6278659466617,0.0,306741.61027151445,268216.15699864284,9857.31291558689,412.9524494272762,3916.617493342687,838.3025830756368,558.8683887170911,56795.27278843063,15.379625745994986,543.4887629710961,0.9960732377435028,8034259.288651397,822.7994021195967,118139.10147519573,0.03637320487240997,0.0005125738795261073,100,0.015,20913.056661900846,12340.311697314019,6583.591520571459,5756.7201767425595,0.021975561945422835,0.021462988065896724,0.021975561945422856,0.02146298806589675,8278.03663125342,294.70833333333326,2567.5663412535414,787.5940098346382,0.0,8572.744964586755,119230.83875834053,36915.19534222047,60769.66626013347,6838.964365075626,4770.544085842687,34836.99738995092,154.45690967903334,64274.025083863904,26995.09053522284,30213.333333333332,60426666.666666664,127803.58372292729,1673.804018469041,1604.4732638253413,6713.72382956092,1155.5760533809807,11000.0,16578.594997853732,59686.79995664947,159800.049852117,0.0,189.2604079792683,405.0240164225441,258807.3063962583,267380.05136084504,-139576.46763791775,0.0,-139576.46763791775,141.46,0.0,0.0,2536.9700694287335,3376092.5700074155,1557769.791865559,936191.4845929648,421505.8073144286,460625.4862344626,3831.5822535360107,3013.184206639989,1498.4540150249024,1514.0924403859876,2208.2358858988882,-139576.46763791775,-141784.70352381666,-8163180.958086551,408441.1164057182,8571622.07449227
57,5,713.2282743023572,10043.272024774607,161.09736897844726,4763.9784974444065,3790.935800189842,0.0,18759.283691387303,10204.369393753055,4521.539505662231,2470.858278787993,2807.70689226843,404.26471703440177,0.0,317492.87318767025,278600.1560164025,10204.369393753057,428.993029631132,4060.6683536805053,878.7611995993691,585.8407997329127,59391.339142778845,25.334047118515855,560.5067526143969,0.9937611139566338,8401498.835137496,848.1334492381126,121776.61209516176,0.03635486883878555,0.0004943998988326363,100,0.015,21670.883892428432,12813.599694001201,6824.818247173841,5988.781446827361,0.021990372953760662,0.02149597305492803,0.021990372953760762,0.021495973054928126,8562.575865093886,294.7083333333333,2658.3406058460473,811.8440806344119,0.0,8857.28419842722,115654.88917120334,40489.56558508365,66637.42309698038,7489.379044742214,4935.599752777883,25788.024256620196,161.43321605373083,67177.06964076853,28214.36924912278,31466.666666666668,62933333.33333333,124512.17336963056,1750.3122573203118,1882.2508182009801,7423.806052350167,1191.7998097313668,23000.0,17519.275310645757,66191.85484739007,161731.8222297429,0.0,195.9238923600587,418.6836075462879,281305.7288252879,290163.0130237151,-165650.83965408456,0.0,-165650.83965408456,141.46,0.0,0.0,2638.7161773090475,3702079.060943354,1701759.418173585,1027259.499915039,465016.1644442205,508043.9784105095,3962.7092215666235,3116.9001832420163,1554.4475454398803,1570.3124435045365,3637.5106199660368,-165650.83965408456,-169288.3502740506,-8332469.308360602,408441.1164057182,8740910.42476632
58,5,890.5270399624653,10546.092406920265,168.33862062607616,4906.878889985301,4028.5008138181292,0.0,19649.81073134977,10714.431027546341,4750.539388580971,2610.8906558297103,2914.71893350017,438.28204963548524,0.0,333338.61250705534,291465.23286646773,10714.431027546338,448.8525682033163,4256.236064888187,917.9984466663673,611.9989644442448,62117.57779655642,37.338562890299045,574.6604015539458,0.9912273280144578,8787152.555100871,885.4720121284116,127137.75389822038,0.03635811751584144,0.000471681369305833,100,0.015,22716.691634440176,13469.904691617503,7186.318352157068,6283.586339460434,0.022030294990777497,0.021558613621471663,0.02203029499077747,0.021558613621471635,8952.07860948932,294.7083333333333,2790.8208989374134,847.5850259881358,0.0,9246.786942822653,131307.4067500135,46477.31791644053,76471.88613448286,8582.440100387132,5182.399710875154,33289.27941799761,168.50501308269307,70119.85064404023,29450.337270496893,32720.0,65440000.0,140554.19369283615,1830.6567823126816,2236.969345871054,8595.53461554991,1221.9423017079837,11000.0,18788.10224262363,74597.76920470998,164487.6573763393,0.0,205.71707572888968,439.2427541403435,283403.5916989838,292650.3786418064,-152096.18494897027,0.0,-152096.18494897027,141.46,0.0,0.0,2748.2452899585605,4248438.118582382,1945384.699340429,1179502.4597770292,537049.2658311612,586501.693633763,4156.8118522189325,3269.466002778704,1635.9825763988838,1652.1705961498171,5361.141803058621,-152096.18494897027,-157457.3267520289,-8489926.63511263,408441.1164057182,8898367.751518348
59,5,822.4439441576022,10954.188626902282,175.91533277949387,5061.5349087134355,4280.615807112161,0.0,20472.25467550737,11130.103959681775,4963.594416516747,2644.2700448956443,3043.52845028756,478.71104798182546,0.0,346239.1422803884,303327.3560739611,11130.103959681775,467.1566066012267,4424.977945091468,961.3308511075918,640.8872340717279,64940.33765646858,30.39853379832482,610.4887002734031,0.9931302406078554,9186460.164884046,915.8705459267364,131502.43313819807,0.0363459604236412,0.00045370002005947814,100,0.015,23609.118241710385,13989.551855554158,7456.866152465476,6532.685703088682,0.021990450900833153,0.021536750880773673,0.02199045090083332,0.02153675088077384,9324.858052822921,294.70833333333337,2899.3151415707507,876.6828875879872,0.0,9619.566386156255,139808.19472652994,51336.93537799126,84443.93092589454,9462.694888652804,5381.0252791152325,34949.462826498864,177.88605403711003,74023.57539724107,31089.90166684125,33973.333333333336,67946666.66666667,149427.7611126862,1913.8458676841763,2135.6889369567853,9581.485104151045,1298.0876994932353,11000.0,20119.501148679064,71706.27163914667,166784.57343956365,0.0,213.69799602589012,455.77850647677496,285208.9303381773,294828.49672433356,-145400.73561164737,0.0,-145400.73561164737,141.46,0.0,0.0,2897.5900453863023,4691329.495883031,2139801.566004618,1302997.7730306254,596963.2529395536,651566.9039082339,4315.2251379179,3393.1837188744694,1702.528789420382,1719.166313469024,4364.67923997769,-145400.73561164737,-149765.41485162504,-8639692.049964255,408441.1164057182,9048133.166369973
60,5,616.7517464524486,11139.215925492552,183.74540227536298,5221.397303622204,4544.647790569701,0.0,21089.00642195982,11322.961327767915,4970.333470212319,2648.366222808155,3182.883057309847,521.3785774375924,0.0,352181.85161756584,312257.6020656208,11322.961327767916,480.9330371109928,4526.684835449252,1010.2797042373196,673.5198028248798,67783.22298485563,14.003273804555874,659.5165290203239,0.9969065056849344,9588614.723437678,929.8738197312923,133513.0497972764,0.03626307367356313,0.00044354430144037487,100,0.015,24094.616860535436,14224.449521548246,7539.577824540343,6684.871697007904,0.021851739499208735,0.021408195197768362,0.021851739499208787,0.021408195197768414,9575.45900565388,294.70833333333337,2950.9735912197275,890.0869986485095,0.0,9870.167338987214,140591.49712207715,54801.21844289284,90118.77051218138,10084.296325877749,5460.834982358386,30688.50514639369,189.82236221733197,78990.62137128375,33176.060975939174,35226.666666666664,70453333.33333333,150461.66446106436,1997.6280673828496,1773.6609235958247,10314.440255439087,1402.2569061000897,23000.0,21481.12283421401,62293.295012246104,167974.4138563541,0.0,217.40085749314395,462.3481455677106,290916.5668583929,300786.73419738014,-150325.06973631578,0.0,-150325.06973631578,141.46,0.0,0.0,3087.154103930857,5006598.361787855,2275454.862710409,1390948.7025410794,641018.3210688075,699176.4754675592,4388.566946302876,3449.6433788369654,1733.8888203751856,1750.8621822528899,2010.6166590783396,-150325.06973631578,-152335.68639539412,-8792027.736359648,408441.1164057182,9200468.852765366
61,6,838.8999775276561,11547.373744980341,191.62756316200634,5374.851906838606,4814.053184506523,0.0,21927.906399487478,11739.001308142348,5214.238136668259,2651.1844466359535,3306.6797537689836,565.2750318391844,1.6239392299666269,365060.20795494947,324338.14692905766,11739.00130814235,499.60178379496926,4721.090972282948,1055.7817594731378,703.8545063154252,70744.67769135004,30.346284785766557,673.5082215296586,0.9935721880887434,10007542.106218377,960.2201045170589,137870.22702475789,0.03126323959459913,0.00042748627298787024,100,0.015,21552.825944861197,11304.826459127562,5986.295541360956,5318.530917766605,0.016825591053829116,0.016398104780841246,0.01682559105382922,0.01639810478084135,9953.29115240027,294.7083333333333,3059.6507729843297,919.1348468317192,0.0,10247.999485733604,138122.5409648875,55132.214237334934,90632.72792765817,10123.349870578943,5660.740630382004,29345.168927897445,199.59071014553967,83055.51585266518,34883.31665811937,36480.0,72960000.0,148370.5404506211,2084.9046054621617,2209.8021504107883,10490.244223574047,1432.0732841903075,11000.0,22305.83962091268,80653.50846395707,228147.4929166964,0.0,225.3888251163331,412.7865422926649,358962.0406326125,369210.0401183461,-220839.499667725,0.0,-220839.499667725,141.46,0.0,0.0,3238.9392045048107,5035151.551536565,2281304.3680250333,1398772.2636016665,648270.7391009429,706804.1808089224,4544.0120037286215,3573.7464055078044,1801.6366528274364,1819.6062460784867,4357.177227481472,-220839.499667725,-225196.67689520647,-9017224.413254855,408441.1164057182,9425665.529660573
62,6,758.1992278603159,11857.306124627486,199.75307885325213,5532.430529950099,5096.615893916957,0.0,22686.105627347795,12057.059203480738,5350.734927391258,2685.7096774631486,3406.9272808877595,608.6178410428641,5.069476695704742,374885.62325452943,335222.153262859,12057.059203480738,516.4148247423965,4863.046459332774,1105.1960296630289,736.797353108686,73765.7307679111,23.152399499457943,713.6449536092281,0.9952391161192743,10434900.274428705,983.3725040165168,141194.49253444912,0.031236419475587834,0.0004150191605824737,100,0.015,22181.224380174124,11616.74484128048,6132.802335119399,5483.942506161081,0.01677414833144299,0.016359129170860517,0.0167741483314429,0.016359129170860427,10269.771205560315,294.70833333333337,3143.3685070557835,941.2966168963275,0.0,10564.479538893649,132300.61985688886,49861.234751390526,81934.59081215395,9131.67063336032,5808.8276249834735,27111.257508688857,209.2217972121854,87063.29208613266,36566.58267617571,37693.33333333333,75386666.66666666,142865.0993957825,2173.937557172647,2083.251740362018,9614.965225464091,1517.3777759464774,11000.0,22442.528915796684,76978.22375896707,175514.2429186446,0.0,231.49553670683014,423.21382231327664,301979.2372513737,312543.7167902674,-169678.61739448487,0.0,-169678.61739448487,141.46,0.0,0.0,3381.662217261926,4551921.711786332,2056849.6062584904,1264027.9544389774,588968.8141699514,642075.3369189113,4662.782101556049,3667.9914480679245,1853.6520956791967,1872.6335581775663,3324.265509691235,-169678.61739448487,-173002.8829041761,-9190227.29615903,408441.1164057182,9598668.412564749
63,6,760.344078307515,12160.398382669291,208.0327765456941,5688.772207127163,5389.246339313163,0.0,23446.449705655312,12368.431159214986,5430.209380124384,2733.272241843415,3522.2892780375555,674.1601495732663,8.500109636363277,384507.8247406455,346113.82445347536,12368.431159214984,533.2314052429346,5003.857456167479,1155.8928071073449,770.5952047382299,76843.100212233,22.673550794373,747.9216539438569,0.9954687856332863,10870224.95602248,1006.0460548108898,144450.0040372517,0.03117341714386818,0.00040336654910020535,100,0.015,22775.973444669253,11911.690982524808,6268.8238074046785,5642.86717512013,0.016706867814992688,0.016303501265892483,0.016706867814992706,0.0163035012658925,10569.574128811191,294.70833333333337,3225.4156411144795,963.0000269150113,0.0,10864.282462144525,138325.29486709015,52795.70218217804,86707.09835276387,9633.408631811946,5946.901318535631,28543.120740299215,221.21297688587413,92053.1716890159,38662.332109386676,38906.666666666664,77813333.33333333,149189.5773292347,2264.6301991713503,2110.0300360385622,10367.842569752425,1590.2514573633705,23000.0,23785.061870980615,77300.17937734986,177310.97969724739,0.0,237.47387825692772,432.90957762593393,318399.3586637864,329263.6411259309,-180074.0637966962,0.0,-180074.0637966962,141.46,0.0,0.0,3565.493999255987,4817061.019597993,2168323.4060717067,1337099.0256464884,627437.4582868802,684201.1295929174,4779.628493898613,3759.902028694091,1904.4266209099353,1924.4740157123445,3255.5115028025757,-180074.0637966962,-183329.57529949877,-9373556.87145853,408441.1164057182,9781997.987864248
64,6,966.8673175068616,12661.505548200255,216.45588340058924,5843.742181183114,5691.6134103782115,0.0,24413.31702316217,12877.961431600845,5640.8660075935495,2852.2630691338495,3634.5497053721774,737.7508588714982,12.531790629768562,400323.5508945886,359949.2225569112,12877.961431600845,554.5796413780846,5207.034535799754,1204.1337711635565,802.755847442371,80043.24512942682,37.267840506016114,765.4880069363549,0.9928427898355985,11322917.45600872,1043.313895316906,149800.99138600242,0.031154171034874677,0.00038763499578632973,100,0.015,23685.66801726655,12421.231733189494,6540.430971032495,5880.800762156999,0.016725497098619976,0.016337862102833646,0.016725497098619993,0.016337862102833663,10969.727950743782,294.7083333333333,3358.1352682447323,998.6732759066828,0.0,11264.436284077115,149891.52740068058,58200.96708851163,95534.10233466266,10583.586592445483,6187.3847934363275,32730.543939895004,231.39984564821194,96292.22489626396,40442.73445643086,40120.0,80240000.0,161155.9636847577,2358.941136668483,2521.104048082559,11619.486356645135,1627.6605764775093,11000.0,25275.087231694743,87713.7062780788,180104.73658821906,0.0,247.2568594867362,450.09142849369294,322918.07050384674,334182.50678792386,-173026.54310316616,0.0,-173026.54310316616,141.46,0.0,0.0,3719.413830622118,5307450.129703482,2381277.2665671413,1472380.1831109952,695339.1316919037,758453.5483334414,4972.834117365488,3910.7747491886885,1986.4027373630024,2007.949827683665,5350.987348750728,-173026.54310316616,-178377.5304519169,-9551934.401910447,408441.1164057182,9960375.518316165
65,6,727.0518316720757,12898.621246103672,225.1948466138113,6006.738247173441,6009.814514943322,0.0,25140.368854834247,13123.816092717483,5616.696751952297,2944.304138069575,3745.637795624951,800.5581461604544,16.61926091020655,407910.8230466033,370263.71278135246,13123.816092717483,570.486245193654,5330.114097216817,1259.5397383365664,839.6931588910445,83274.12632941606,17.87848662051647,821.814672270528,0.9966457591161414,11779957.910559196,1061.1923819374224,152368.0184641008,0.03106834588199626,0.00037871752385185923,100,0.015,24176.59563566482,12609.8545602072,6609.951772168082,5999.902788039119,0.01658312152274478,0.016204403998892922,0.016583121522744864,0.016204403998893006,11272.032742124291,294.7083333333333,3423.575584477784,1015.786789760672,0.0,11566.741075457625,148847.30054364607,55261.54168235415,90665.92177975966,10017.9219990728,6288.93500702628,33109.76045674175,243.8755039833444,101483.71020071759,42623.15828430138,41333.333333333336,82666666.66666667,160414.0416191037,2454.157898033166,2099.2569542383676,11196.8539728422,1747.335264358176,11000.0,25962.064340028504,76150.59386496633,181590.30047388686,0.0,251.97726898017575,457.14425772008957,312909.6842950539,324476.4253705115,-164062.3837514078,0.0,-164062.3837514078,141.46,0.0,0.0,3909.9749791616046,5036995.654431093,2253514.4432330225,1396494.2978158027,663310.6515477233,723676.2618345438,5066.045837657373,3982.3680887442647,2026.4200796873658,2048.9820866284804,2567.0270780983847,-164062.3837514078,-166629.41082950617,-9718563.812739953,408441.1164057182,10127004.929145671
66,6,685.9735440358932,13092.657754857468,234.01423942843374,6164.05359361513,6335.616810969108,0.0,25826.34239887014,13326.671994285902,5631.274807012992,2941.813369494957,3865.634427068484,867.9532236098263,19.996167099641863,414157.39559108583,379979.0309260742,13326.671994285902,585.4638761816888,5439.871463331097,1316.3865815222416,877.5910543481612,86520.02015687677,14.719290599186024,862.8717637489751,0.9972941841184291,12239122.051391788,1075.9116725366084,154481.44217498403,0.030992419554766566,0.00037110542155311294,100,0.015,24612.209314342872,12805.870585689761,6678.507411259229,6127.363174430532,0.016496635189596147,0.016125529768043035,0.016496635189596088,0.016125529768042976,11511.630395319844,294.70833333333337,3478.033967616898,1029.8762811665601,0.0,11806.338728653178,167413.34099477858,55225.291959922906,90566.48102847504,9982.57438057912,6370.977098725039,50206.96698780862,257.56769596567557,107181.43063779103,45016.20086787223,42546.666666666664,85093333.33333333,179219.67972343176,2549.817094039956,2043.8413284325065,11340.058805441677,1834.6134779272127,23000.0,27108.015710168085,74302.30397608056,182861.4911801763,0.0,255.87210229028935,462.81781963085945,325758.83149418735,337565.1702228405,-158345.49049940874,0.0,-158345.49049940874,141.46,0.0,0.0,4123.568271178734,5031471.168248614,2244878.7423729557,1394170.1172981737,665853.1160263272,726569.1925511579,5143.04580094698,4040.901495825686,2059.5530971927765,2083.171600320458,2113.4237108832167,-158345.49049940874,-160458.91421029196,-9879022.726950245,408441.1164057182,10287463.843355963
67,6,648.5850408314272,13249.876354388602,242.86794776310524,6314.7032031088265,6667.479934441033,0.0,26474.92743970157,13492.744302151707,5525.5071821525835,3069.8627640025747,3954.98622233931,919.203501287633,23.184632369604664,419259.3824998692,389157.0980542891,13492.744302151707,599.6063899589614,5538.209043393658,1374.309244137116,916.2061627580774,89767.71379337522,12.022213367225959,904.1839493908515,0.9978292236221081,12698540.79321086,1087.9338859038344,156207.61441245576,0.030901682334045118,0.00036455013031317073,100,0.015,24981.429275691364,12960.705107724974,6721.655669986851,6239.049437738123,0.01639676300509349,0.01603221287478032,0.016396763005093493,0.016032212874780325,11726.015834633086,294.70833333333326,3523.087673027667,1041.3840960830385,0.0,12020.72416796642,183910.920201033,61055.31492883497,100094.55967272441,11012.768035526607,6432.77186114566,59433.084178840574,269.04412448686804,111957.10727263452,47021.9850545065,43760.0,87520000.0,195931.64436899943,2645.529331918929,1994.1301487291876,12661.546463309174,1922.435988096032,11000.0,28721.23412019654,72609.5318219208,183948.10813754846,0.0,259.0606906013128,466.9846416356539,316228.5613439561,328249.2855119225,-132317.64114292306,0.0,-132317.64114292306,141.46,0.0,0.0,4294.992070781016,5560808.870706912,2475964.5907541844,1540380.6275141845,738528.2591829383,805935.3932556048,5206.407819165782,4088.28453431873,2086.740715150059,2111.311233517135,1726.1722374717356,-132317.64114292306,-134043.8133803948,-10013066.54033064,408441.1164057182,10421507.656736357
68,6,690.8047107263419,13451.768959561567,251.71541469299365,6458.16392959486,7004.083846578489,0.0,27165.73215042791,13703.48437425456,5496.507814422689,3175.1931354048024,4037.928437158469,967.5233066572575,26.331680611338566,425760.72316645214,398968.76685413823,13703.48437425456,614.7195369375632,5650.325255822328,1431.5004998200593,954.3336665467064,93032.20488283077,15.319620779921024,939.0140457667853,0.997288718775236,13160335.702725243,1103.2535066837554,158407.23467131628,0.030839784001574763,0.00035733939055092545,100,0.015,25434.479331963918,13182.852541634054,6805.553699047044,6377.298842587011,0.016341795750059684,0.015984456359508757,0.01634179575005972,0.015984456359508792,11956.918456996482,294.7083333333333,3579.550977798031,1056.0482311421085,0.0,12251.626790329816,192864.8213553532,66928.7884994327,109691.2752729803,12048.92969711311,6520.84286701156,60739.36661085156,279.63750308994133,116365.32108107915,48873.434854053245,45213.333333333336,90426666.66666666,205116.448145683,2741.736604734426,2092.96067935657,14001.804628436703,1996.5021051120377,11000.0,30257.99175673307,74911.6235653691,185257.18001101003,0.0,263.1068999856875,473.10758464722653,322996.01383538486,335247.6406257147,-130131.19248003166,0.0,-130131.19248003166,141.46,0.0,0.0,4450.471197597023,6093959.737387795,2708207.2586025125,1687982.27762579,811816.4428841647,885953.758275327,5287.214461718349,4148.770733895251,2120.8962892063773,2146.6028894345823,2199.620258860523,-130131.19248003166,-132330.8127388922,-10145397.35306953,408441.1164057182,10553838.469475249
69,6,854.9415781886664,13815.613730300978,260.5892845906772,6597.7785409247945,7346.692172800125,0.0,28020.673728616573,14076.203014891655,5630.514823552689,3275.040023491813,4123.262523071817,1017.4501084640264,29.935536311310464,437328.5386602187,411202.27594281064,14076.203014891653,633.5566406009643,5813.469803969312,1485.8910700386796,990.594046692453,96369.18957006898,27.25815423386257,963.3358924585905,0.9953112073936891,13632385.55658196,1130.511660917618,162321.01224670734,0.030826666142664192,0.00034731600580847216,100,0.015,26157.37613353047,13584.905300623477,7001.592258895822,6583.313041727655,0.016357229926234534,0.01600991392042606,0.01635722992623447,0.016009913920425996,12277.762499573648,294.70833333333337,3677.439913873154,1082.1400816447156,0.0,12572.470832906982,184346.82773456947,72726.69168846696,119158.34130703194,13067.314052596024,6694.917974298692,44384.608726418905,289.0373780947609,120276.88323197575,50516.29095742981,46666.666666666664,93333333.33333333,196919.29856747645,2840.0803242879083,2422.2621315075303,15348.64117801173,2048.2629252039915,23000.0,31680.11384100127,83445.38067832211,187378.76564442806,0.0,270.2630978859198,485.543455292782,348919.3132759413,361491.78410884825,-164572.4855413718,0.0,-164572.4855413718,141.46,0.0,0.0,4583.943459395525,6619907.850390664,2936963.3221321944,1833484.167635133,884349.8898593896,965110.4707639457,5430.601639053649,4257.084881848397,2180.5345214466465,2207.9819725429625,3913.7775753910537,-164572.4855413718,-168486.26311676286,-10313883.616186293,408441.1164057182,10722324.73259201
70,6,1063.876547533304,14372.876421078354,269.62960358464954,6741.66853762504,7700.375713861835,0.0,29084.55027614988,14642.506024663004,5880.536139650885,3420.8298317053795,4229.49160316924,1077.2146144368294,34.43383570067156,454955.3548935357,426486.05990350654,14642.506024663004,657.0786841757806,6038.885493708329,1537.9217546614395,1025.281169774293,99844.87213934159,41.53545462396187,983.7457151503311,0.9931219999671735,14124055.612831263,1172.0471155415798,168284.75173897957,0.03083661874830402,0.0003343481805891681,100,0.015,27180.672857062094,14160.187475795683,7308.770623051553,6851.41685274413,0.01639915661604957,0.0160648084354604,0.016399156616049588,0.01606480843546042,12725.777047933118,294.70833333333337,3824.896177209696,1121.8983449265304,0.0,13020.485381266451,208900.00507329276,82592.84597901773,135278.98981024817,14808.026684360946,6965.484100242877,56762.94293306976,298.54458516676704,124233.10938652868,52177.90594234205,48120.0,96240000.0,221920.4904545592,2942.511586006513,2840.7081212211087,17600.005415683157,2091.71621389054,11000.0,33608.8688521789,94436.34213934568,190478.14781922006,0.0,281.13611567352973,505.02990983033374,355784.4661730498,368804.95155431627,-146884.46109975706,0.0,-146884.46109975706,141.46,0.0,0.0,4720.78906041667,7515499.433902677,3328317.0930195977,2081107.4383205865,1007029.8747628292,1099045.0277996643,5649.256954356442,4422.287434110263,2270.52770392878,2300.433932267518,5963.739492272231,-146884.46109975706,-152848.2005920293,-10466731.816778323,408441.1164057182,10875172.93318404
71,6,979.2637567566346,14815.538738714615,279.00945991546683,6897.876791192151,8071.389043084282,0.0,30063.814032906514,15094.548198630082,6112.840144925432,3434.3246444903957,4358.682455203738,1146.1226826431591,42.57827136735281,469011.3096410991,440419.6736585798,15094.548198630082,678.5140029858911,6230.711989237337,1595.021504184269,1063.3476694561793,103417.21495493845,33.12115261690815,1030.2265168392712,0.9946842106208535,14629399.227525594,1205.168268158488,173040.34976190518,0.030826380249821775,0.0003240579425434201,100,0.015,28034.46530216522,14589.088972607027,7523.877953538114,7065.211019068914,0.016366054796085397,0.016041996853541976,0.01636605479608538,0.01604199685354196,13150.667996224889,294.70833333333337,3943.265550403993,1153.6023317460347,0.0,13445.376329558223,220808.50631967027,90265.75472202216,147786.8470944366,16140.775185972187,7177.038489883471,58891.93909358111,311.3517082431818,129562.52683749396,54416.26127174746,49573.333333333336,99146666.66666667,234253.8826492285,3047.7915057344985,2713.5523709869694,19434.020502794112,2190.5037062929655,11000.0,35625.036112585876,90537.02369744635,193020.83308613903,0.0,289.8153254136975,520.2435283376419,358378.8198357311,371824.1961652893,-137570.31351606082,0.0,-137570.31351606082,141.46,0.0,0.0,4919.964490559561,8210380.394135367,3630571.6417144453,2272007.87098059,1103418.5188695095,1204382.362570822,5824.214348789515,4553.088599037014,2342.4211100944626,2374.8241407090904,4755.598022925609,-137570.31351606082,-142325.91153898643,-10609057.72831731,408441.1164057182,11017498.844723027
72,6,732.0775862407046,14992.11477389353,288.6306626343743,7058.8596468911865,8456.286535728124,0.0,30795.891619147216,15280.745436527905,6100.294253445256,3410.324007928343,4500.019698163353,1220.471354569025,49.63612242193221,474753.159233794,450612.2320941358,15280.745436527906,694.1870558290308,6340.41965149111,1659.3983560843976,1106.2655707229317,106991.97067962225,13.529972177517266,1092.7355985454144,0.9978660762345067,15135084.172339363,1218.6982403360053,174983.00887410025,0.030744209470781294,0.00031847779925118786,100,0.015,28449.627427997377,14729.891884128512,7557.082610499356,7172.809273629157,0.016236397382336766,0.01591791958308558,0.01623639738233679,0.0159179195830856,13425.02721053551,294.70833333333337,3993.733123089234,1166.5533924940016,0.0,13719.735543868845,219866.44020317215,95456.43608231224,156228.5869969132,17028.146555465275,7246.78723242255,51078.95303011395,327.70530752822964,136367.73647714604,57274.449320401334,51026.666666666664,102053333.33333333,233586.175747041,3153.1425359040336,2278.22028311972,20767.494903257142,2323.321981950551,23000.0,37699.172200932306,78081.04768217816,194241.71289063047,0.0,293.3903123813359,525.0622229047448,362362.5650132585,376082.30055712734,-142496.12481008633,0.0,-142496.12481008633,141.46,0.0,0.0,5188.556278552212,8679365.944272958,3831921.843115065,2399956.138083519,1170075.665340459,1277412.2977339136,5896.761194806934,4605.080378348939,2372.374827048397,2406.529036323637,1942.659112195077,-142496.12481008633,-144438.7839222814,-10753496.51223959,408441.1164057182,11161937.628645308
73,7,961.1843817251754,15400.67767699076,298.25433464596875,7211.557239405692,8846.586749829974,0.0,31757.076000872392,15698.932011636727,6337.714777236464,3388.95248265464,4624.011412994664,1288.3386375179373,59.914701233018874,487718.0630966145,464218.8117668795,15698.932011636729,715.1480583994481,6522.523031643554,1719.132803424485,1146.0885356163235,110649.27237222498,930.5502235327313,215.53831208359225,0.8573327807325121,15652446.069774946,2149.2484638687365,306920.99823201075,0.030738137769264033,0.003095881051730389,1000,0.0095,29260.766807196735,18798.798976227496,9631.43047331058,9167.368502916914,0.02284382807702365,0.019747947025293262,0.022843828077023638,0.019747947025293245,7514.884497635892,2947.0833333333335,4103.520017509044,2046.1399882134049,0.0,10461.967830969226,222566.06379022048,95176.42878820124,155710.01087235365,16934.779039893387,7442.32459041309,48327.67401504791,340.83742033072366,141832.3916319436,59569.60448541631,52480.0,104960000.0,233028.0316211897,3260.926264536447,2730.903386217746,20980.46451955906,462.164316259763,11000.0,38827.269283043745,97952.59871827037,255571.00877758313,0.0,301.4194946234252,538.9400713500229,431625.6948314437,442087.662662413,-209059.63104122327,0.0,-209059.63104122327,141.46,0.0,0.0,5392.562038169906,8650556.159575203,3813947.0250750002,2390192.6680530594,1169442.263520641,1276974.2029265033,6055.452010195434,4725.800185878715,2440.0313250291574,2477.6484905334237,131937.9893579105,-209059.63104122327,-340997.62039913377,-11094494.132638725,408441.1164057182,11502935.249044443
74,7,866.5308161706633,15698.030397746015,308.07934794021395,7366.903208654886,9250.593862701942,0.0,32623.60681704306,16006.10974568623,6453.505029964414,3411.3198016595306,4722.141455892528,1344.057616108832,75.08584206092625,497218.11703013856,476332.4116562965,16006.109745686226,733.8010673326169,6670.814872774016,1782.8301881497484,1188.5534587664988,114348.70359808276,22.385724901088906,1166.16773386541,0.9966442293290955,16175767.61098479,2171.6341887698254,310117.76638064167,0.030709301574887223,0.0030271498463563993,1000,0.0095,29897.056783822627,18015.34897153739,9200.917291221303,8814.431680316087,0.021531940754173612,0.018504790907817214,0.021531940754173626,0.018504790907817224,8934.624478951991,2947.083333333333,4184.977703254711,2067.4517758709444,0.0,11881.707812285324,209200.00050902966,85361.65538996126,139593.35684222484,15145.561536440617,7580.046073425718,44196.292622612746,353.32411815928054,147028.47079159442,61751.95773246965,53693.333333333336,107386666.66666667,221081.70832131497,3369.9515856218313,2581.790214427019,19056.87804381045,2479.4832390158326,11000.0,38799.67251166786,93263.72253355326,202946.19480031994,0.0,307.31730711717563,548.6227137325958,374353.63294926594,386235.3407615513,-165153.6324402363,0.0,-165153.6324402363,141.46,0.0,0.0,5581.940472753945,7755186.491234714,3415528.970326615,2141168.548193792,1050832.5706266817,1147656.402087624,6172.1022843003775,4813.33202365489,2489.9292165750453,2530.746221155915,3196.7681486309157,-165153.6324402363,-168350.40058886723,-11262844.53322759,408441.1164057182,11671285.649633309
75,7,866.8363036928971,15988.530485096451,318.00508713081734,7519.3073985945175,9664.600149914168,0.0,33490.44312073596,16306.535572227269,6502.926109646854,3454.557350850394,4837.8421551991505,1422.8504642004787,88.35949233039238,506513.13075987506,488413.7900039123,16306.53557222727,752.3955774900103,6817.698470866878,1847.553283359198,1231.702188906132,118087.14659668431,21.902572528716064,1209.799616377416,0.9967873949511981,16704607.757566964,2193.5367612985415,313245.538500698,0.030650788955984873,0.0029621103538648966,1000,0.0095,30495.29507495873,18415.545507725663,9375.277133528934,9040.26837419673,0.02147155574467652,0.018509445390811622,0.021471555744676477,0.01850944539081158,9132.666233899705,2947.083333333334,4264.7327874293205,2088.3035900046534,0.0,12079.749567233039,216748.15344184017,89322.69840984904,146002.9343583671,15799.414328175308,7707.378131982419,46027.52211809111,368.3426075252287,153278.10225343463,64376.80294644254,54906.666666666664,109813333.33333333,228827.9030090732,3480.1266161597846,2608.3604554539384,20207.538415531773,2572.2469551846443,23000.0,40649.48708189825,93609.48429850629,204750.10091532898,0.0,313.08548298676357,557.5336824911758,391747.96390354156,403827.7134707746,-174999.8104617014,0.0,-174999.8104617014,141.46,0.0,0.0,5820.167320479008,8111274.131020398,3566759.7939045425,2238090.227905989,1102298.3053303785,1204125.8038794876,6286.756714751734,4898.47565299623,2538.5858544472585,2582.7173500320487,3127.7721200563246,-174999.8104617014,-178127.5825817577,-11440972.11580935,408441.1164057182,11849413.232215067
76,7,1099.4145855214776,16504.708076948802,328.02076797586074,7668.858715828204,10088.270145504566,0.0,34589.85770625743,16832.728844924663,6699.149320045854,3583.317116063902,4948.725646698309,1498.8220368305617,102.71472528603304,522876.2555564191,503985.1998788979,16832.728844924663,776.3503596890323,7036.63238584302,1908.3293341517415,1272.2195561011608,121943.23009227442,38.55771901725848,1233.6618370839024,0.9945204301002235,17250089.32885314,2232.0944803158,318751.7299947351,0.03063649722895373,0.00286999119280797,1000,0.0095,31459.438133963482,19107.852198122913,9729.688612028483,9378.163586094428,0.021478005055810087,0.018608013863002117,0.021478005055810094,0.01860801386300212,9404.502602507138,2947.083333333333,4402.269801153424,2125.011533298234,0.0,12351.58593584047,233188.13988467352,97349.91741197318,159053.05631429382,17168.283134318357,7951.310361837279,52278.234236663295,380.82567607675674,158472.67116506046,66558.52188932539,56120.0,112240000.0,245539.725820514,3593.768610177738,3071.6127144024567,22302.485690467867,2623.0503742439573,11000.0,42706.6886289111,106626.45122636677,207688.50484527645,0.0,323.18839382255345,574.9392893375601,400510.6897730065,412862.275708847,-167322.549888333,0.0,-167322.549888333,141.46,0.0,0.0,6005.481471973865,8836280.906349657,3880413.3580509494,2436551.092359024,1203903.9178941187,1315412.5380455654,6489.014389264743,5049.2926776871545,2622.771313461973,2671.650464510793,5506.191494037106,-167322.549888333,-172828.7413823701,-11613800.85719172,408441.1164057182,12022241.973597437
77,7,824.3259205024606,16720.90515103161,338.32380560668696,7825.881144893502,10529.073525228094,0.0,35414.18362675989,17059.228956638297,6631.360371088368,3679.32586251875,5057.458707012842,1574.3955883750152,116.68842764332273,529871.0899108555,515264.191183512,17059.228956638297,793.6887871570616,7162.453475228594,1977.8614605820223,1318.5743070546816,125809.24779986632,16.48247880304507,1302.0918282516366,0.9976987663710418,17796976.19376909,2248.576959118845,321105.4917550029,0.030555482210007874,0.0028198103983700794,1000,0.0095,31934.612488530525,19384.27311223084,9827.594673057505,9556.678439173334,0.021366953015097633,0.018547142616727554,0.021366953015097567,0.018547142616727488,9603.256042966404,2947.0833333333335,4463.22943594884,2140.703278366686,0.0,12550.339376299738,229045.57708946386,91523.6265555328,149472.72644195013,16096.736482671276,8037.558378256501,52370.56884094376,396.2168691666652,164877.3955169012,69248.5061170985,57333.333333333336,114666666.66666667,241595.91646576358,3707.7033737018937,2587.4284617323488,21207.97191993795,2768.4466624567776,11000.0,43476.83368658343,92033.78235103271,209138.6915826091,0.0,327.5371959674553,580.8706172313463,386829.265851253,399379.60522755276,-157783.68876178918,0.0,-157783.68876178918,141.46,0.0,0.0,6253.654064798647,8304040.357886118,3641669.804274152,2289004.048786379,1134023.972867181,1239342.5319584075,6576.553050154094,5111.901772781745,2659.3674482465335,2711.4066854559246,2353.7617602677783,-157783.68876178918,-160137.45052205696,-11773938.307713777,408441.1164057182,12182379.424119495
78,7,775.9738033944287,16888.867862914423,348.6476793357137,7975.587929054433,10977.053958849756,0.0,36190.15743015433,17237.515542250138,6613.454158185885,3662.1938986246687,5175.189390599105,1658.1991103943737,128.47898444610288,535360.1705684599,525789.8117039035,17237.515542250134,809.863127465152,7272.754203641671,2048.7221261860645,1365.81475079071,129667.46512653123,12.934352838503855,1352.880397952206,0.9982215330703701,18342759.61679911,2261.511311957349,322952.56739628676,0.03048218740572925,0.0027772542831527008,1000,0.0095,32346.17262521245,19642.835188980338,9909.995545306001,9732.839643674335,0.02128814861207392,0.01851089432892122,0.021288148612073905,0.018510894328921206,9756.254102898853,2947.083333333334,4511.844667428822,2153.017115975245,0.0,12703.337436232187,256261.03911376605,90585.16664432586,147884.75934468416,15891.860083846728,8102.212849816942,78971.08806106882,413.0697029074683,171890.3511745114,72193.94749329478,58546.666666666664,117093333.33333333,268964.37654999824,3821.4082534998142,2521.2562591843234,21204.532209289308,2876.4133383681074,23000.0,44983.77988207275,89667.93539762073,210347.29655679746,0.0,330.96029841120264,585.2766911058088,399338.8588863495,412042.1963225817,-143077.81977258343,0.0,-143077.81977258343,141.46,0.0,0.0,6534.701216446652,8215819.963593565,3598368.550690887,2263686.054753043,1124508.6979815844,1229256.6601680499,6645.6887331033695,5160.169118449032,2688.2762986864436,2743.3813920112884,1847.0756412838819,-143077.81977258343,-144924.8954138673,-11918863.203127645,408441.1164057182,12327304.319533363
79,7,731.4613866053656,17015.178529619978,358.94179371291017,8117.097352791784,11430.401140635015,0.0,36921.618816759685,17374.12032333289,6468.056622126536,3787.8826492569056,5259.972819664864,1717.8338740561512,140.3743582284286,539549.7026406443,535632.4327165086,17374.120323332885,824.9800777086964,7369.563507866683,2120.476421752185,1413.6509478347905,133502.9012648109,9.87212420986998,1403.7788236249205,0.9986604194129908,18885320.41292015,2271.383436167219,324362.34493857686,0.030398274357000096,0.002741008463979337,1000,0.0095,32683.681534331947,19846.12974124366,9959.218116006628,9886.911625237031,0.02119939713005512,0.018458388666075784,0.021199397130055173,0.018458388666075836,9890.46845975488,2947.083333333333,4549.775100260395,2162.415632923846,0.0,12837.551793088212,280553.2214524292,99445.20612721983,162300.39838937047,17411.080713126918,8145.017845034857,92929.97475716162,426.8929817692072,177642.620685451,74609.90068788941,59760.0,119520000.0,293390.7732455174,3934.441752691698,2460.852129722717,23471.078920644843,2984.615619830625,11000.0,47324.98646999684,87465.1363541573,211345.61689678568,0.0,333.5831102079914,588.0542129209427,390908.3654669586,403745.9172600468,-110355.14401452942,0.0,-110355.14401452942,141.46,0.0,0.0,6759.552975436446,9016688.799409471,3945603.351227479,2483417.823297782,1236100.24434967,1351567.3805345406,6699.125832768025,5196.077290571065,2710.4883119823003,2768.4288880114946,1409.7775422901032,-110355.14401452942,-111764.92155681952,-12030628.124684464,408441.1164057182,12439069.241090182
80,7,776.9391163603984,17191.855352706094,369.1615052239169,8249.993794693686,11887.54728049639,0.0,37698.557933120086,17561.01685793001,6410.781986780355,3886.8071508635844,5338.112526277625,1772.121743131764,153.19345087667878,545317.1269597439,546195.307678814,17561.01685793001,841.1985743078843,7481.936773111926,2190.792300775986,1460.5282005173242,137333.51753662952,13.590235918515646,1446.9379645988085,0.998183593856693,19427199.390731614,2284.9736720857345,326303.08322195394,0.030341073233042238,0.0026999997799468283,1000,0.0095,33117.658714144716,20134.088519873396,10058.94477899031,10075.143740883086,0.02114604572585543,0.0184460459459086,0.021146045725855423,0.018446045945908596,10036.48686093811,2947.083333333333,4600.553858059474,2175.3538881463596,0.0,12983.570194271444,292705.3890119654,108331.95879010031,176753.15791900986,18930.314911586804,8217.532961095289,94368.95345243499,439.5219551282842,182897.90484302954,76817.1200340724,61213.333333333336,122426666.66666666,305688.9592062369,4047.33320640242,2568.2941032603394,25771.374526490978,3076.3918855243846,11000.0,49548.20069983041,90270.00590832988,212593.31447419725,0.0,337.1715236722562,593.0315458489374,399805.11787355685,412788.6880678283,-107099.72886159143,0.0,-107099.72886159143,141.46,0.0,0.0,6960.483853337132,9819619.88438944,4293832.288567491,2703550.8066046867,1347968.621106876,1474268.1681103855,6772.246112994461,5246.38337183919,2740.563782531753,2801.8235905646056,1940.7382833770826,-107099.72886159143,-109040.46714496851,-12139668.591829432,408441.1164057182,12548109.70823515
81,7,958.8851250713122,17550.059515180546,379.34489996053844,8377.995276085854,12350.043366964459,0.0,38657.4430581914,17929.404415141085,6537.188468054306,3978.478739294353,5418.543865001591,1828.2056844962328,166.98765829459975,556770.2849753117,559596.233296691,17929.404415141085,861.7720006425797,7652.379326319817,2256.990451024395,1504.66030068293,141224.24611124198,26.987977792468428,1477.6723228904616,0.9964732566641534,19977581.854896292,2311.961649878203,330157.0708941925,0.03033138151009211,0.002639888679118623,1000,0.0095,33860.938770801324,20666.320765922515,10307.00322331809,10359.317542604424,0.021152017471651297,0.018512128792532674,0.021152017471651154,0.01851212879253253,10247.534671545447,2947.083333333333,4697.7941039459165,2201.047139294617,0.0,13194.61800487878,277443.09356681095,116954.87752912336,190766.31339858068,20396.86811785472,8386.390373061518,68318.27262808105,450.5656039557989,187493.48922466766,78747.26547436042,62666.666666666664,125333333.33333333,290637.7115716897,4161.9962197700615,2933.66077312767,28045.71972480751,3141.792475204139,23000.0,51543.53593781013,100837.6492522606,214750.36730212576,0.0,344.2445647707088,605.0494087809385,429364.0156586575,442558.6336635363,-151920.9220918466,0.0,-151920.9220918466,141.46,0.0,0.0,7122.567085415561,10598128.522143371,4631331.205794027,2916616.014885056,1456647.134317177,1593534.16714711,6915.87124413119,5348.977931463728,2799.192582021074,2865.362657525092,3853.9876722385525,-151920.9220918466,-155774.90976408514,-12295443.501593517,408441.1164057182,12703884.617999235
82,7,1189.2374518145966,18123.205934209705,389.65024843077913,8509.833065579736,12823.991261785774,0.0,39846.680510005994,18512.856182640484,6791.569622078876,4120.545197936214,5520.164881317705,1898.2782876838855,182.2981936238007,574965.0263686165,576541.7748256129,18512.856182640484,887.7785773058187,7893.136443030166,2319.5762370976904,1546.384158065127,145251.42215910932,42.87370138391225,1503.5104566812147,0.9945682300447536,20547266.178627606,2354.835351262115,336279.6013730395,0.03034608213077138,0.0025593277697334564,1000,0.0095,34943.71996318192,21446.904039232395,10708.768488083379,10738.135551149015,0.021184405812685356,0.0186250780429519,0.02118440581268531,0.018625078042951854,10549.732590616153,2947.0833333333335,4850.158689986576,2241.8640091535967,0.0,13496.815923949487,313327.4355689077,131785.20002051993,214887.3902393859,22933.72095183789,8661.985167510433,86851.65066273522,461.69567890972115,192125.03803825105,80692.51597606544,64120.0,128240000.0,326824.2514928572,4280.680453880751,3395.4897011571834,31874.86922163623,3196.7936514957432,11000.0,54238.5007226811,114403.4782988563,217992.77934625556,0.0,355.44683870669735,624.8288283598638,441362.8670630294,454859.68298697885,-128035.43149412167,0.0,-128035.43149412167,141.46,0.0,0.0,7277.9576995958905,11938188.34663255,5213637.380694811,3283501.6435511326,1643080.498509484,1797968.823877121,7143.52290145943,5513.1597167049895,2891.5537820302106,2964.6197824458545,6122.53047884698,-128035.43149412167,-134157.96197296865,-12429601.463566486,408441.1164057182,12838042.579972204
83,7,1091.106736960174,18566.704720076366,400.27121700878314,8653.963395533947,13316.847914347072,0.0,40937.78724696617,18966.97593708515,7027.625999661167,4110.753886357294,5644.159852648251,1977.8707592584522,206.56543915998822,589111.4928608924,591795.9615575322,18966.975937085153,911.1784797079372,8094.736369161825,2387.970230338463,1591.9801535589754,149366.20814437373,33.334432565804036,1558.6457209931714,0.9958819619261726,21129343.80410311,2388.169783827919,341039.88734769035,0.030337726722570714,0.0024956090524339337,1000,0.0095,35826.04763679279,22045.48808292625,10997.686860885879,11047.801222040373,0.021163869634956253,0.01866826058252232,0.021163869634956253,0.01866826058252232,10833.476220533295,2947.0833333333335,4969.538604198273,2273.5992489846026,0.0,13780.55955386663,329162.14204286586,142848.43295546665,232830.17893370494,24789.2958768009,8870.149916052971,89347.75395064539,476.98380444134824,198486.87297297167,83364.4866486481,65573.33333333333,131146666.66666667,342942.7015967325,4401.946625854815,3246.681080785307,34942.27744727082,3313.976672020358,11000.0,57032.778665745405,109458.36715805542,220603.82077431495,0.0,364.16593799203497,639.7543226335894,445003.7686846728,458784.3282385394,-115841.62664180691,0.0,-115841.62664180691,141.46,0.0,0.0,7521.525386274833,12935009.940761387,5645639.265550189,3555078.4769985895,1782865.2276509262,1951426.9705616832,7321.264982748112,5639.238039035332,2963.465904405844,3043.007010895865,4760.285974650877,-115841.62664180691,-120601.91261645779,-12550203.376182944,408441.1164057182,12958644.492588662
84,7,813.2432175165682,18713.24953103162,411.0979482736897,8802.216691831487,13824.46629334594,0.0,41751.03046448274,19124.34747930531,6991.658192916782,4057.9388837458287,5780.3611842650025,2067.406082568552,226.9831358091464,593962.9081778465,602562.2933188027,19124.34747930531,927.6817990735661,8202.465573804157,2465.0379165640193,1643.3586110426795,153460.27719057119,11.431771801107516,1631.926839241572,0.9986063005448487,21708490.8113782,2399.6015556290267,342672.3886018453,0.030257968140602026,0.002463034902772657,1000,0.0095,36204.42142631303,22249.653497481828,11044.873004583113,11204.780492898715,0.021058258362881412,0.018595223460108754,0.02105825836288138,0.018595223460108726,11007.684595497838,2947.0833333333335,5013.007319594719,2284.482590678969,0.0,13954.767928831172,325354.29628589726,149895.46425212672,244228.778337365,25949.25615077606,8920.212083879553,76765.74788646205,496.55189928031217,206629.72796817118,86784.4857466319,67026.66666666667,134053333.33333333,339309.0642147284,4522.602252370459,2757.0308663401333,37013.78834003917,3469.687666353071,23000.0,59906.249386987605,93917.1292009732,221738.37699044382,0.0,367.187471602662,643.1340095757976,447335.18618468597,461289.95411351713,-121980.88989878871,0.0,-121980.88989878871,141.46,0.0,0.0,7870.506397472113,13568265.463186948,5918661.9292432405,3726081.5612917845,1872900.1374893135,2050621.8351626077,7383.897092269147,5679.486097727856,2988.605423762303,3072.3588655460053,1632.5012541549513,-121980.88989878871,-123613.39115294366,-12673816.767335888,408441.1164057182,13082257.883741606
