month,year,new_accounts,contributing,reduced,lapsed_holding,dormant,closed,holding,live_accounts,tier_none,tier_silver,tier_gold,tier_platinum,tier_sovereign,inflow_sip,inflow_spot,collection_events,spot_events,grams_bought,grams_withdrawn,grams_redeemed,grams_closing,aum_usd,float_grams,float_usd,fee_applied,pricegap_rate,bar_grams,fab_premium,gross_entry_fee,stream1_net,stream1_sip,stream1_spot,cor_premium,cor_pricegap,cor_float,cor_rail,cost_of_revenue,gross_profit,stream2,stream2_gross,stream2_processor_fees,stream3,stream4,stream5,stream5_peak_drawn,stream5_avg_drawn,stream6,partner_aum,revenue,cost_vault,cost_screening,cost_rewards,cost_redemption,cost_card_fixed,cost_card_variable,cost_acquisition,cost_opex,cost_oneoff,cost_family,cost_vat,operating_cost,total_cost,ebitda,tax,net_profit,gold_px,margin_call_usd,grams_liquidated,active_cards,card_spend,card_spend_S1,card_spend_S2,card_spend_S3,card_spend_S4,card_spend_S5,card_spend_S6,live_S1,live_S2,live_S3,live_S4,live_S5,live_S6
1,1,49.70103309914694,49.70103309914693,0.0,0.0,0.0,0.0,49.70103309914693,49.70103309914693,49.70103309914693,0.0,0.0,0.0,0.0,2563.344245980001,710.7374259733975,49.70103309914693,0.9857371564664144,21.987682654854574,0.0,0.0,21.987682654854574,3110.377588355728,200.0,0.0,0.05,0.0900125173595633,100,0.03,163.70408359766992,57.721063383094915,42.68664301378342,15.034420369311494,93.31132765067184,0.0,0.0,12.671692563903337,105.98302021457518,84.2282810359731,0.0,0.0,0.0,26.507217652878367,0.0,0.0,0.0,0.0,0.0,0.0,190.21130125054827,750.0,300.4910309929744,0.0,0.0,0.0,0.0,5254.772,100672.93552155573,127380.0,0.9542598355036213,6.408360614950003,234365.56117299915,234471.54419321372,-234281.33289196316,0.0,-234281.33289196316,141.46,0.0,0.0,0.0,0.0,0.0,0.0,0.0,0.0,0.0,0.0,21.30391489461612,19.880413239658775,8.51670496487204,0.0,0.0,0.0
2,1,48.11900253655254,93.8007130889714,0.0444476339005671,3.9748749128274463,0.0,0.0,97.82003563569941,93.84516072287197,93.84516072287198,0.0,0.0,0.0,0.0,4789.653307828146,1403.4856078051187,93.84516072287202,1.9643485906093903,41.59113509014281,0.23059834644266813,0.15373223096177877,63.19448716759293,8939.492154727697,200.0,0.0,0.05,0.04758626237002446,100,0.03,309.6569457816633,109.20010935774489,79.51625593758732,29.68385342015758,176.50445909554801,0.0,0.0,23.952377328370353,200.45683642391836,159.25086174327666,0.0,0.0,0.0,50.05075238553172,0.0,0.0,0.0,0.0,0.0,0.0,359.707698167195,750.0,301.934601069071,0.0,0.0006456753700394708,0.0,0.0,5461.016,52516.088673796,12500.0,1.801827085879142,11.974133269570368,71542.81588089588,71743.2727173198,-71383.56501915261,0.0,-71383.56501915261,141.46,0.0,0.0,0.0,0.0,0.0,0.0,0.0,0.0,0.0,0.0,39.32837115268744,37.53798572299932,16.97880384718527,0.0,0.0,0.0
3,1,51.267928464912444,137.87305311965832,0.1297049143634899,11.085206066590109,0.0,0.0,149.0879641006119,138.0027580340218,138.00275803402178,0.0,0.0,0.0,0.0,6970.3651291086535,2146.284454765936,138.0027580340218,3.0308340701953567,61.22449529676841,0.688329617426633,0.4588864116177554,123.27176643531696,17438.02407993994,200.0,0.0,0.05,0.03232638598445305,100,0.03,455.83247919372957,160.74956802724995,115.36216076733109,45.38740725991887,259.8245131404258,0.0,0.0,35.258398026054294,295.0829111664801,234.3510389787278,0.0,0.0,0.0,73.60147095147829,0.0,0.0,0.0,0.0,0.0,0.0,529.4339501452079,750.0,303.47263892301834,0.0,0.0019273229287945727,0.0,0.0,5691.524,58851.810394027,12500.0,2.6496529542532183,17.425912822771632,78116.88452604997,78411.96743721644,-77882.53348707124,0.0,-77882.53348707124,141.46,0.0,0.0,0.0,0.0,0.0,0.0,0.0,0.0,0.0,0.0,56.53463519921509,55.19987266674877,26.268250168057964,0.0,0.0,0.0
4,1,67.7189069972841,195.50704145739056,0.2565194509578723,21.043310189547597,0.0,0.0,216.80687109789602,195.76356090834844,195.76356090834847,0.0,0.0,0.0,0.0,9786.236658924081,3131.463673975654,195.76356090834844,4.4612530538206645,86.75113329743212,1.376294996874547,0.9175299979163647,207.72907473795814,29385.35491243156,200.0,0.0,0.05,0.0228143033000037,100,0.03,645.8850166449868,227.67435366680246,161.46319793978085,66.2111557270216,368.1544594876424,0.0,0.0,50.05620349054227,418.21066297818464,332.0815861512546,0.0,0.0,0.0,104.40723248445254,0.0,0.0,0.0,0.0,0.0,0.0,750.2922491294393,750.0,305.5042061329369,0.0,0.003853625991248732,0.0,0.0,6091.88,65277.23284812423,12500.0,3.758660369440291,24.465591647310205,84952.84515989991,85371.05582287809,-84620.76357374864,0.0,-84620.76357374864,141.46,0.0,0.0,0.0,0.0,0.0,0.0,0.0,0.0,0.0,0.0,78.38203454189022,78.30050721858862,39.0810191478696,0.0,0.0,0.0
5,1,52.23280683257954,233.90860972884633,0.4374724558537621,34.69359574577539,0.0,0.0,269.0396779304755,234.3460821847001,234.34608218470015,0.0,0.0,0.0,0.0,11642.913993675995,3912.4596859326857,234.34608218470015,5.602751292902154,104.46490170810296,2.3987393277097318,1.5991595518064878,308.1960775665449,43597.417132563445,200.0,0.0,0.05,0.01894575722855583,100,0.03,777.7686839804342,274.45332574218696,191.73613031785953,82.71719542432744,443.32814986884733,0.0,0.0,59.98720836940058,503.3153582382479,399.43790290735967,0.0,0.0,0.0,124.98457716517343,0.0,0.0,0.0,0.0,0.0,0.0,902.7532611456076,750.0,307.0711903379143,0.0,0.006716470117587249,0.0,0.0,5928.098,71661.65449004178,12500.0,4.499444777946244,29.107284984189988,91180.43712661194,91683.75248485019,-90780.99922370458,0.0,-90780.99922370458,141.46,0.0,0.0,0.0,0.0,0.0,0.0,0.0,0.0,0.0,0.0,92.57540368660602,93.7284618641864,48.04221663390773,0.0,0.0,0.0
6,1,50.70692364663094,268.9018172286607,0.6559290394662886,50.188855308979434,0.0,0.0,319.74660157710645,269.557746268127,269.55774626812695,0.0,0.0,0.0,0.0,13319.453489346382,4684.2491113373635,269.557746268127,6.737993489484235,120.90709367064584,3.662470777053616,2.441647184702411,422.9990532754347,59837.446076342996,200.0,0.0,0.05,0.01636931801584752,100,0.03,900.1851300341874,318.0056709752978,218.97881345391528,99.02685752138248,513.1055241194867,0.0,0.0,69.0739349394028,582.1794590588895,461.76980231829907,0.0,0.0,0.0,143.76413134300105,0.0,0.0,0.0,0.0,0.0,0.0,1043.9492613771886,750.0,308.59239804731317,0.0,0.010254918175750126,0.0,0.0,5979.659,78059.90319243845,12500.0,5.175508728348038,33.29863372336596,97636.63898785565,98218.81844691453,-97174.86918553735,0.0,-97174.86918553735,141.46,0.0,0.0,0.0,0.0,0.0,0.0,0.0,0.0,0.0,0.0,105.22516531671985,107.80628821214809,56.52629273925907,0.0,0.0,0.0
7,1,48.34800314300967,300.0383697324236,0.9085377746976327,67.1476972129946,0.0,0.0,368.0946047201158,300.9469075071212,270.4313234250033,30.51558408211804,0.0,0.0,0.0,14805.332474258053,5436.651257802152,300.94690750712147,7.8480837181368095,135.99670986668113,5.15595071754931,3.437300478366207,550.4025119462003,77859.9393399095,200.0,0.0,0.04959440574638374,0.01455926144563393,100,0.03,1003.8891543194928,349.5475691809562,236.89281481209662,112.6547543688596,577.1428373322213,0.0,0.0,77.19874780631457,654.341585138536,508.4250887003752,0.0,0.0,0.0,158.87751951941843,0.0,0.0,0.0,0.0,0.0,0.0,1162.7666738389112,750.0,310.04283814160345,0.0,0.014436662009138072,0.0,0.0,5970.56,84465.95414635578,12500.0,5.778180624136731,36.71308329692328,104039.06268508047,104693.404270219,-103530.6375963801,0.0,-103530.6375963801,141.46,0.0,0.0,0.0,0.0,0.0,0.0,0.0,0.0,0.0,0.0,116.3681958681961,120.35385248186125,64.22485915706417,0.0,0.0,0.0
8,1,51.321949921490834,333.0283286452448,1.1913468833824192,85.19687911297969,0.0,0.0,419.4165546416069,334.21967552862725,274.81674643939067,59.40292908923655,0.0,0.0,0.0,16383.929611509197,6248.584463512412,334.2196755286273,9.046290812926161,152.10645297495168,6.845676775930282,4.563784517286855,691.099503627935,97762.93578320768,200.0,0.0,0.04928905527186238,0.013021458082670032,100,0.03,1115.5352371849433,384.2093804644512,256.70205733030355,127.50732313414767,645.5093651351001,0.0,0.0,85.81649158538836,731.3258567204884,559.2917178616301,0.0,0.0,0.0,175.08233739717525,0.0,0.0,0.0,0.0,0.0,0.0,1290.6175745821186,750.0,311.58249663924823,0.0,0.019167894972604793,0.0,0.0,6031.22,90907.28061420326,12500.0,6.417017770149642,40.37742060959898,110546.89671711723,111278.22257383772,-109987.60499925559,0.0,-109987.60499925559,141.46,0.0,0.0,0.0,0.0,0.0,0.0,0.0,0.0,0.0,0.0,128.2504908180827,133.65293934324842,72.31624536729619,0.0,0.0,0.0
9,1,63.335024344200804,376.7858233874462,1.505350489775774,104.46040510858585,0.0,0.0,482.75157898580784,378.291173877222,288.68862545839244,89.60254841882953,0.0,0.0,0.0,18483.650895973755,7254.898348432848,378.291173877222,10.532030281540376,173.02423052188269,8.705521345756772,5.803680897171182,849.6145319068897,120186.47168354863,200.0,0.0,0.049052554702765434,0.011450075547571046,100,0.03,1262.5415947810768,431.05556425262034,284.78808523350057,146.2674790191198,734.2802294887658,0.0,0.0,97.20580103969058,831.4860305284565,628.0320544048011,0.0,0.0,0.0,196.97649015218082,0.0,0.0,0.0,0.0,0.0,0.0,1459.5180849332576,750.0,313.48254736957426,0.0,0.024375459768118966,0.0,0.0,6273.860000000001,97438.92079935309,12500.0,7.263190538442662,45.33351483407859,117328.88442755496,118160.37045808342,-116700.85237315016,0.0,-116700.85237315016,141.46,0.0,0.0,0.0,0.0,0.0,0.0,0.0,0.0,0.0,0.0,144.12400834472163,151.26693520132977,82.90023033117058,0.0,0.0,0.0
10,1,78.31903386593103,433.44666473726454,1.8595581703315638,125.76438994414278,0.0,0.0,561.0706128517389,435.3062229075961,306.0521223261598,129.25410058143666,0.0,0.0,0.0,21206.825385254833,8505.893785916294,435.30622290759624,12.379789293151596,199.79056431280094,10.781445974895977,7.187630649930651,1031.4360195948639,145906.93933188944,200.0,0.0,0.04881229264568659,0.009918591820410539,100,0.03,1450.3459434823073,490.5532436014531,321.17706251021957,169.37618109123355,847.8711968306645,0.0,0.0,111.92150305018696,959.7926998808515,715.8230104544974,0.0,0.0,0.0,225.26976685304152,0.0,0.0,0.0,0.0,0.0,0.0,1675.615710335349,750.0,315.8321183855522,0.0,0.030188048729708736,0.0,0.0,6577.16,104086.84219642177,12500.0,8.357879479825854,51.75768833955172,124289.98007067543,125249.77277055629,-123574.15706022094,0.0,-123574.15706022094,141.46,0.0,0.0,0.0,0.0,0.0,0.0,0.0,0.0,0.0,0.0,164.76175250691426,174.05151013628344,96.49296026439849,0.0,0.0,0.0
11,1,72.18520020788996,480.96418925922353,2.265166644087306,150.02645715631797,0.0,0.0,633.2558130596287,483.2293559033108,324.68337327403253,158.54598262927803,0.0,0.0,0.0,23492.32268149207,9690.423077023675,483.2293559033106,14.12952032889297,223.1525312819651,13.24668590594403,8.831123937296022,1232.510741033589,174350.96942661153,200.0,0.0,0.04868761298797417,0.008881372731420268,100,0.03,1615.5886833689563,544.2342520565016,352.52164893165605,191.71260312484554,947.0147122544035,0.0,0.0,124.33971905805089,1071.3544313124544,793.500789464706,0.0,0.0,0.0,249.26653740820416,0.0,0.0,0.0,0.0,0.0,0.0,1864.8552207771604,750.0,317.99767439178885,0.0,0.03709072053664329,0.0,0.0,6455.84,110719.56603238212,12500.0,9.278003633343562,57.189255745254684,130809.90805687304,131881.2624881855,-130016.40726740833,0.0,-130016.40726740833,141.46,0.0,0.0,0.0,0.0,0.0,0.0,0.0,0.0,0.0,0.0,182.09078074652643,193.19836893935366,107.9402062174306,0.0,0.0,0.0
12,1,54.06336044828074,508.2878371239204,2.713902256783,176.31743412720556,0.0,0.0,687.319173507909,511.0017393807034,324.7283080019761,186.27343137872734,0.0,0.0,0.0,24808.23232362254,10622.61045666728,511.00173938070384,15.5062069373274,238.30738369856311,16.119207265589168,10.746138177059446,1443.9527792895035,204261.56015829317,200.0,0.0,0.04854189591131743,0.008317847113060477,100,0.03,1719.8802822910814,576.9244207716089,368.36838557912483,208.55603519248407,1011.3288749399621,0.0,0.0,131.62698657950781,1142.9558615194699,839.5240987677878,0.0,0.0,0.0,262.5996779961764,0.0,0.0,0.0,0.0,0.0,0.0,1982.4799602872577,750.0,319.61957520523725,0.0,0.045133780343649677,0.0,0.0,6091.88,117249.25624058962,12500.0,9.811233396109506,60.2119315598533,136980.82411453116,138123.77997605063,-136141.30001576338,0.0,-136141.30001576338,141.46,0.0,0.0,0.0,0.0,0.0,0.0,0.0,0.0,0.0,0.0,192.0644407675529,204.29013434766725,114.6471642654837,0.0,0.0,0.0
13,2,169.28680290130328,650.6655530803147,3.187152794995344,200.92557636156423,1.827694172339147,0.0,856.6059764092134,653.85270587531,441.8934367653011,188.91959938009919,23.039669729909125,0.0,0.0,31117.46508724529,13087.177826519386,653.8527058753093,19.372020895174412,297.3134491669994,18.540822762487092,12.360548508324731,1710.3648571856913,241948.2126974879,200.0,0.0,0.048562373839072366,0.0066669090373211795,100,0.03,2146.6823946009413,716.6373973334076,459.48498257963377,257.1524147537739,1261.7388155749122,0.0,0.0,168.30618169262092,1430.044997267533,1052.8255637287778,0.0,0.0,0.0,336.1881663953694,0.0,0.0,0.0,0.0,0.0,0.0,2482.870560996311,750.0,338.8787646596875,0.0,0.051914303734963876,0.0,0.0,16752.796834272576,146143.00673006126,0.0,12.55397195280594,73.1324465949452,164070.420661845,165500.46565911255,-163017.59509811623,0.0,-163017.59509811623,141.46,0.0,0.0,0.0,0.0,0.0,0.0,0.0,0.0,0.0,0.0,230.82194942814215,249.6668611217014,144.61250800358417,13.594829669049508,15.156557652832138,0.0
14,2,153.44208143095048,767.6095340660672,3.7864612350292286,233.32797856402024,5.324083975046341,0.0,1010.0480578401631,771.3959953010965,532.4737016143284,194.06896443573402,44.85332925103394,0.0,0.0,36296.47343039795,15336.347711968652,771.3959953010965,22.9052493987538,347.28656391964734,21.95310615193924,14.635404101292828,2021.0629108521066,285899.559369139,200.0,0.0,0.04852850870543067,0.005707771274413562,100,0.03,2505.6638102932825,833.2737791561187,532.5129369115921,300.76084224452666,1473.8147199621994,0.0,0.0,198.57531117496256,1672.390031137162,1229.5502767600226,0.0,0.0,0.0,396.27649760390204,0.0,0.0,0.0,0.0,0.0,0.0,2901.9403078971845,750.0,329.3014417352049,0.0,0.06146869722542988,0.0,0.0,16374.194664503899,92291.93503198928,0.0,14.81080310978105,83.64524388118771,109843.94865391658,111516.33868505375,-108614.39837715657,0.0,-108614.39837715657,141.46,0.0,0.0,0.0,0.0,0.0,0.0,0.0,0.0,0.0,0.0,262.55010749383183,286.9546583410126,169.3644018113533,24.842652291772662,27.68417536312621,0.0
15,2,153.92337299661006,878.3256185084429,4.491062304484218,270.6402372432012,10.514512780645111,0.0,1163.9714308367736,882.8166808129271,610.1313062818429,205.02454849570168,67.66082603538214,0.0,0.0,41203.58946147513,17606.323807726705,882.816680812927,26.47664233988004,395.5896219420533,26.068828948439055,17.37921929895937,2373.2044845467613,335713.5063839849,200.0,0.0,0.048457907703995516,0.005011201631675746,100,0.03,2849.8053492789636,943.6787808930659,599.7270732059162,343.9517076871497,1678.8032375976863,0.0,0.0,227.32333078820176,1906.126568385888,1396.3625466297583,0.0,0.0,0.0,452.6837657366827,0.0,0.0,0.0,0.0,0.0,0.0,3302.4891150156463,750.0,333.9191429251032,0.0,0.07299272105562936,75000.0,0.0,16408.019643278956,92872.49628046695,0.0,16.950080271608194,93.54773066031652,185475.00587032398,187381.13243870987,-184078.64332369424,0.0,-184078.64332369424,141.46,0.0,0.0,0.0,0.0,0.0,0.0,0.0,0.0,0.0,0.0,292.67575404438145,322.44754460254023,192.98234458534898,35.344767320863994,39.36627025979241,0.0
16,2,195.299613982975,1024.7529999732449,5.295752415843026,311.30882288962056,17.913469541039536,0.0,1359.271044819748,1030.048752389088,715.1220108556597,217.31898093054883,97.60776060287986,0.0,0.0,47713.23721541552,20491.03589466369,1030.0487523890886,31.021688423268643,458.81042481234306,30.629669778656567,20.419779852437713,2780.96545972801,393395.3739331243,212.4304567025202,0.0,0.04839800009007543,0.004320965826549971,100,0.03,3300.9504161251425,1088.583125103425,689.5927122612127,398.9904128422122,1947.099680818622,0.0,0.0,265.2676102030893,2212.367291021711,1615.9406195970087,0.0,0.0,0.0,527.3574944935774,0.0,0.0,0.0,0.0,0.0,0.0,3828.3079106187197,750.0,402.0824172130962,0.0,0.0857630753802384,0.0,0.0,17490.581617336124,93635.37988833764,0.0,19.776936045870496,106.84963853381697,112404.75626054195,114617.12355156367,-110788.81564094494,0.0,-110788.81564094494,141.46,0.0,0.0,0.0,0.0,0.0,0.0,0.0,0.0,0.0,0.0,333.0674703445141,369.97218908683635,224.49017882269382,48.51965643133353,53.999257703710626,0.0
17,2,146.92432126125237,1114.5458216393508,6.232096043650122,358.5835024808088,26.83394591718998,0.0,1506.1953660809997,1120.7779176830009,768.2793688257632,232.76150027612687,119.73704858111148,0.0,0.0,51691.54802738261,22685.941992528864,1120.7779176830013,34.48730995973684,500.38152291460676,36.34904572043959,24.232697146959726,3220.7652397752167,455609.45081860217,221.80486363019608,0.0,0.04831461491170487,0.003962332330042833,100,0.03,3593.5197884111953,1181.1843745555057,741.4400340046503,439.74434055085527,2123.5191069450084,0.0,0.0,288.81630691068455,2412.335413855693,1753.7466987897246,0.0,0.0,0.0,572.5623242342222,0.0,0.0,0.0,0.0,0.0,0.0,4166.0821126454175,750.0,344.18586098243,0.0,0.10177732801723086,0.0,0.0,16278.47678568241,94119.52305508342,0.0,21.51893601951363,114.7793769872472,111628.58579208303,114040.92120593872,-109874.8390932933,0.0,-109874.8390932933,141.46,0.0,0.0,0.0,0.0,0.0,0.0,0.0,0.0,0.0,0.0,357.4296415403713,398.95832627264207,243.99772053785995,56.99585145199318,63.39637788013495,0.0
18,2,138.9999793835545,1193.313562242171,7.249752708009789,407.49011669860533,37.1419138157686,0.0,1645.1953454645547,1200.5633149501807,822.4215862088957,237.45377212102494,140.68795662025963,0.0,0.0,55180.78265705318,24781.53304525135,1200.563314950181,37.800524199990996,537.9783998366612,42.65301665667181,28.435344437781207,3687.6552785174235,521655.7156990748,230.02682185082514,0.0,0.04827137918042058,0.003685590277681762,100,0.03,3859.8912614104406,1267.2275683960802,787.9977491551836,479.2298192408966,2283.0727332268225,0.0,0.0,309.590959787543,2592.6636930143654,3907.4597002634014,847.0353261847428,1955.760851326046,228.63314204458254,612.6295180874805,1180.5672875951036,0.0,0.0,0.0,0.0,0.0,6500.123393277767,750.0,348.35586036393664,0.0,0.11942844663868107,23000.0,572.4292200004854,16090.428893588167,94550.44135692052,0.0,23.050815647043468,121.78145949238814,135456.6070344592,138049.27072747354,-131549.1473341958,0.0,-131549.1473341958,141.46,0.0,0.0,95.41595895763461,108653.38062922478,54889.360236310575,39656.71187048519,14107.308522429017,0.0,0.0,0.0,378.7528140971933,424.43295654146016,261.2363347226932,64.4691057538448,71.6721038349896,0.0
19,2,132.55200375681483,1263.46481851597,8.336994413281724,457.26440418644376,48.68113210567554,0.0,1777.7473492213708,1271.8018129292516,797.816321207496,313.8855374197313,160.0999543020225,0.0,0.0,58279.59671338158,26796.80769969391,1271.8018129292504,40.99480029611655,572.5452511295392,49.470599256629036,32.98039950441935,4177.749530885914,590984.4486391215,237.32880134167863,0.0,0.04800570988473957,0.003464043119434408,100,0.03,4084.153188290879,1326.186498240989,815.3476597491162,510.83883849187276,2429.7675367435386,0.0,0.0,328.19915330634177,2757.9666900498805,4531.434421318441,1027.1423759003915,2371.618733509431,277.2479275297955,644.4764097743318,1533.6291374027194,0.0,0.0,0.0,0.0,0.0,7289.401111368322,750.0,352.3324204766411,0.0,0.1385176779185613,11000.0,665.2200303244167,15963.938455943051,94939.65509185288,0.0,24.418594808241593,127.38598181383469,123823.08909289697,126581.05578294686,-119291.65467157854,0.0,-119291.65467157854,141.46,0.0,0.0,109.27644533289904,131756.5963060795,66111.01168578122,48201.80959669546,17443.775023602826,0.0,0.0,0.0,397.5470171352239,447.2370941563433,276.8785786457313,71.12755308674326,79.01156990520857,0.0
20,2,142.37718212897926,1341.9366782559323,9.483950241785102,507.20295542616293,61.50094742647106,0.0,1920.1245313503514,1351.4206284977174,793.3751915075628,377.56695822454265,180.4784787656096,0.0,0.0,61744.75363938367,28974.951774647907,1351.4206284977158,44.45350729063199,610.6463031705991,56.625922634672435,37.750615089781625,4694.01929633206,664015.9696591332,245.49402337382455,0.0,0.04781408127067965,0.0032485591965750685,100,0.03,4337.679367518622,1397.2500521761485,850.6389623021922,546.6110898739564,2591.4607813953885,0.0,0.0,348.96853394708694,2940.4293153424755,5024.151921406161,1229.3337863821107,2838.4682648928406,331.8237593089518,681.3697263584742,1716.1983564894301,0.0,0.0,0.0,0.0,0.0,7964.581236748637,750.0,356.60373594051055,0.0,0.15855258337708283,11000.0,765.1916283504889,16257.495239366264,95371.60985788268,0.0,25.94727606715613,133.90513001796697,124660.91142020845,127601.34073555093,-119636.75949880229,0.0,-119636.75949880229,141.46,0.0,0.0,123.90380239170544,157692.6813829356,78685.78338139653,57799.841831148304,21207.056170390802,0.0,0.0,0.0,418.6032205465873,472.9366138146869,294.5634730275061,78.35964072503357,86.95768038390165,0.0
21,2,177.6818194973423,1453.4723269203282,10.6957534294217,557.6572029717198,75.98106752621943,0.0,2097.806350847689,1464.16808034975,823.5668786132145,434.6077598373004,205.99344189923661,0.0,0.0,66674.52960340683,31701.012878433958,1464.1680803497513,48.78776732281563,662.2670133940529,63.95402420132745,42.636016134218295,5249.696269390566,742622.0342679896,257.1104425359508,0.0,0.04768716541496098,0.002995747986728854,100,0.03,4691.250767118063,1502.483053758238,908.6269936376029,593.856060120635,2810.5287514416814,0.0,0.0,378.23896191814174,3188.767713359823,5129.331115496341,1483.5315536189485,3425.3977898933917,400.4372308224172,735.7379285259598,1407.5785795931943,0.0,0.0,0.0,0.0,0.0,8318.098828856164,750.0,391.64555659551394,0.0,0.17907126776371685,23000.0,889.7725884019535,17233.864467782958,95970.65959513032,0.0,28.112027142715235,143.60502865418414,138407.83833497541,141596.60604833523,-133278.50721947907,0.0,-133278.50721947907,141.46,0.0,0.0,142.0480282676545,190299.87721629956,94454.90762951979,69875.80524141276,25969.164345367008,0.0,0.0,0.0,448.78531988440693,509.72500540430275,319.780633334554,88.1662416257248,97.71088010076284,0.0
22,2,222.8923580306761,1605.3255881849784,12.000030143973667,610.7828937209558,92.59019682845961,0.0,2320.6987088783676,1617.325618328952,870.529922527816,508.8830930223748,237.91260277876086,0.0,0.0,73381.32990036937,35129.99276946018,1617.3256183289516,54.24936857170662,730.5953973074246,71.59032492306787,47.72688328204525,5860.974458492877,829093.4468984024,272.9142040161397,0.0,0.04756460099952584,0.002715922413277098,100,0.03,5161.297766721245,1642.9032729028431,989.2929862581034,653.6102866447396,3100.5007470932487,0.0,0.0,417.89374672516453,3518.394493818413,6358.241696620328,1890.237477848115,4364.46077820174,510.2159501628423,810.0558871845132,2015.0450586848683,0.0,0.0,0.0,0.0,0.0,9876.636190438741,750.0,481.9718236231018,0.0,0.20045290978459007,11000.0,1059.6597940834372,18509.196903408032,96774.66369555339,0.0,31.052651871915874,156.94811769076526,128763.69343914044,132282.08793295885,-122405.4517425201,0.0,-122405.4517425201,141.46,0.0,0.0,164.53644378691277,242470.04323343004,119757.60096910423,89177.45197593949,33534.99028838635,0.0,0.0,0.0,489.9220697900793,560.0516196340964,354.3403173832339,101.12861162040116,111.88299990114135,0.0
23,2,207.24581427605696,1733.5819274855492,13.431843855937963,669.9351621716469,110.99558964129429,0.0,2527.944523154428,1747.0137713414872,925.9979801760865,554.7057911576925,266.31000000770536,0.0,0.0,79035.41514672496,38343.689112845444,1747.0137713414847,59.38025211557115,790.3461888685446,80.33655930718854,53.55770620479236,6517.426381849443,921955.1359764222,286.2373701558154,0.0,0.04751043567255186,0.0025107393278587277,100,0.03,5576.732382226078,1771.06272004148,1059.8413201602352,711.2213998812447,3354.0711563203295,0.0,0.0,451.598505864264,3805.6696621845936,7121.426022238487,2220.6942151762746,5127.468329296945,599.4133659370453,873.7499691862263,2255.919117834501,0.0,0.0,0.0,0.0,0.0,10927.09568442308,750.0,459.24309210533823,0.0,0.22494236606012794,11000.0,1207.0927630680949,18138.598109210063,97465.23618828466,0.0,33.5426644097565,168.30111821040146,129222.23887765437,133027.90853983897,-122100.81285541589,0.0,-122100.81285541589,141.46,0.0,0.0,184.8967778106028,284859.35162760806,140203.38577761347,104886.6062857413,39769.35956425325,0.0,0.0,0.0,524.3998586930276,602.6367821274517,383.8919286655151,112.16904761249475,123.91615424299583,0.0
24,2,156.42839888057208,1805.4252664924618,14.970023061104147,733.5342728802997,130.44335960113128,0.0,2684.372922034997,1820.395289553566,931.6071444372332,603.0838284038105,285.70431671252237,0.0,0.0,82189.99822785253,40800.687550872935,1820.3952895535658,63.31617040200625,828.209802549563,90.34622365629622,60.230815770864155,7195.059144971846,1017813.0666477174,293.670762589784,0.0,0.04741925840268047,0.002396184161974248,100,0.03,5832.127110064261,1846.442485015521,1093.5116577808794,752.9308272346415,3514.756760059836,0.0,0.0,470.927864988893,3985.684625048729,10723.507398194228,2396.576279744425,5533.570938832931,646.8877366136869,908.2378897976964,2013.869507501572,11.71456946833594,4874.774028686255,2047.4050920482273,3546.6666666666674,7093333.333333334,14709.192023242957,750.0,379.5311876610499,0.0,0.25296942623762947,23000.0,1302.6961855666927,16790.978900635906,97876.65848553162,0.0,34.95158955942847,174.34796941881032,140309.41728779973,144295.10191284848,-129585.90988960552,0.0,-129585.90988960552,141.46,0.0,0.0,199.5408592834525,307420.6077129406,150981.1600512937,113271.78716367346,43167.6604979734,0.0,0.0,0.0,543.292131432097,626.5514651324227,400.9255998231034,118.66731242830159,130.9587807376408,0.0
25,3,338.0132047504265,2058.4807786155316,16.562923710353346,792.2166183900786,155.12580606946085,0.0,3022.3861267854245,2075.043702325885,1123.8843570034815,593.0565499371555,358.1027953852464,0.0,0.0,92953.46650359093,45840.561694142605,2075.0437023258824,71.58593267387518,944.3839884141645,99.01338682501495,66.00892455000998,7974.420822010984,1128061.5694816739,319.033570157856,46484.40349956622,0.03747617432974522,0.002123350241794811,100,0.03,5201.469196665836,52.43066122010322,-226.58718489570754,279.01784611581076,4007.7767700320305,294.7083333333333,309.8960233304415,536.6574087499393,5149.038535445745,10304.127265505698,2884.771688394605,6660.788940868064,778.6622290828303,1036.86266040273,2315.608692304191,14.453563184081686,6014.5492006498625,2526.1106642729424,4000.0,8000000.0,15453.165800951443,750.0,715.9960125918518,0.0,0.2772374831100419,11000.0,1617.1918127355975,32593.174344772156,167153.21339258432,0.0,39.84083908465696,151.26364881221087,214020.95728806392,219169.99582350967,-203716.83002255822,0.0,-203716.83002255822,141.46,0.0,0.0,251.10605429639864,370043.8300482258,173867.73179445148,132423.23420535502,51926.7005936883,6059.345673460891,5766.81778127016,0.0,590.2646619062099,692.7007108811442,453.4286213659638,146.34135393619184,178.33375733366816,13.97459690270506
26,3,306.2490443885422,2264.3900543107225,18.369256988403677,861.6914781703908,184.18438170444713,0.0,3328.6351711739644,2282.7593112991262,1264.5210822818187,596.624488554813,421.61374046249585,0.0,0.0,101701.65089847778,50401.770244773834,2282.7593112991276,79.08220947303118,1034.9430343410409,109.81150176955487,73.20766784636992,8826.344686736104,1248574.7193856894,339.64760567999855,49487.946808477376,0.03747699731223897,0.0019375522990753497,100,0.03,5700.379505367992,93.19989731526948,-222.89459539336485,316.09449270863433,4392.091249136508,294.7083333333333,329.91964538984917,590.4603801930397,5607.17960805273,11154.577710223391,2949.110406592218,6809.343720563221,796.0286397175537,1140.6795276539451,2434.4858569711746,17.10202169079354,7116.650031539902,2988.9930132467584,4520.0,9040000.0,16761.757318276123,750.0,666.419787254022,0.0,0.3074722049547537,11000.0,1835.6565313696237,31538.46957339622,113786.89518566222,0.0,43.82897877694326,162.14970499824776,159783.7272336622,165390.90684171495,-148629.14952343883,0.0,-148629.14952343883,141.46,0.0,0.0,297.2390388171971,378296.8733646234,172789.84571544093,132936.53676115331,53094.35264898211,9981.04378522032,9495.09445382673,0.0,628.0506627216237,746.3288798672693,496.40256905497324,169.14497719638698,217.3595266523847,25.472695806488847
27,3,307.27441571471184,2460.9381501897956,20.348964177904758,937.2102730543023,217.4121994666704,0.0,3635.909586888673,2481.2871143677003,1375.718741063783,621.5715302441918,483.9968430597276,0.0,0.0,110054.12612310787,54984.87999256695,2481.287114367704,86.62367425860211,1123.0054845110708,121.89826318602202,81.26550879068134,9746.186399270471,1378695.528040801,359.3292005351521,52355.629968933696,0.037437515058762215,0.0017856889729860233,100,0.03,6178.650276738726,127.11603795451128,-223.74794072787904,350.8639786823903,4765.8106751680825,294.70833333333337,349.0375331262246,641.9776971565765,6051.5342387842165,12640.730830283806,3404.654932240774,7861.172518911381,918.9899531604857,1238.5763161233801,2810.5371239678393,19.84641999730597,8258.674211354488,3468.6431687688846,5040.0,10080000.0,18692.265069068024,750.0,677.5349566788772,146.20461642312512,0.34131513692086163,23000.0,2119.2075581359395,31625.888074834053,114838.76135545596,0.0,47.640712595859895,172.4293847107756,173378.00797397151,179429.54221275574,-160737.2771436877,0.0,-160737.2771436877,141.46,0.0,0.0,343.1530936587987,436731.8066061879,195230.09788458157,151417.3143234629,61340.51171782694,14734.235032668637,14009.647647647842,0.0,664.4002450395429,797.8824560424126,537.7699944229587,190.8747817900357,254.20938869600582,36.150248376748934
28,3,390.2075918690501,2731.560793961958,22.493183027039542,1015.942570486864,256.1206312818642,0.0,4026.1171787577255,2754.0539769889974,1535.257036622593,654.5620080242095,564.2349323421959,0.0,0.0,121583.69952916092,60844.55775618944,2754.0539769889997,96.26843267169096,1241.365463018576,134.41388856318537,89.60925904212357,10763.528714683735,1522608.771979161,386.4972419274257,56314.11683834525,0.037410316736554323,0.0016154752433574855,100,0.03,6824.698886742581,173.87575344687247,-222.92813162662355,396.803885073496,5268.106751958233,294.70833333333337,375.42744558896834,712.5806024151726,6650.823133295707,14933.557042545835,4192.777466688448,9680.90677469901,1131.7212593960073,1373.7337545163405,3610.0948269629475,23.07524093122367,9602.280775341711,4032.9579256435186,5560.0,11120000.0,21584.380175841543,750.0,842.6675603204745,806.7422312249175,0.37635888797691897,11000.0,2514.687638445061,34611.39279471728,116267.09176925365,0.0,52.87783635818877,187.1408460912445,167032.97703529877,173683.80016859446,-152099.41999275293,0.0,-152099.41999275293,141.46,0.0,0.0,401.4581089666002,537828.154149945,235441.12742450266,184126.55960356366,75650.60180418157,21849.629887674462,20760.23543002261,0.0,716.535723102296,870.5533803072544,595.2463038403297,219.9259262235013,302.31620635397707,49.47643716164032
29,3,293.6391913192491,2891.0247299578778,24.866638415540873,1105.6141379815042,298.2508637220589,0.0,4319.7563700769815,2915.8913683734186,1595.888644528948,699.6610056990071,620.3417181454573,0.0,0.0,128350.2916460276,65223.486983599476,2915.891368373413,103.4979125454953,1317.305759577419,149.61138013776647,99.7409200918443,11831.48217403154,1673681.4683385019,402.4418955794986,58637.313465136154,0.037338248656262785,0.0015224599913256397,100,0.03,7227.705879805383,196.852620646766,-229.65884076042187,426.5114614071879,5590.38218249465,294.70833333333337,390.9154231009077,754.8473202297271,7030.853259158618,15787.514700590611,4178.286347248544,9647.447527821894,1127.8097930534975,1451.6570262263574,3854.727352756706,25.99135371223916,10815.760356306087,4542.619349648557,6080.0,12160000.0,22818.36795974923,750.0,672.8251950429203,803.9539606518247,0.4189118643857461,11000.0,2706.031642579526,31262.760106243935,117147.34200186907,0.0,55.985114272769515,195.2291720631652,164594.5461045876,171625.39936374623,-148807.03140399698,0.0,-148807.03140399698,141.46,0.0,0.0,444.5228727030752,535969.3071012164,231702.37769194762,182152.21559996973,75490.87224899707,23914.23571841988,22709.605841882105,0.0,745.8297359968142,912.5842014569029,629.4770582142295,237.77158700680997,332.25085374528106,57.977931953376505
30,3,277.77930950388793,3029.974312774031,27.37018871117181,1196.842321069076,343.3488570265847,0.0,4597.535679580864,3057.344501485203,1669.4921925214135,716.2659306474112,671.5863783163795,0.0,0.0,134242.26511519856,69372.86942185805,3057.344501485202,110.35827933682523,1385.686079593176,165.87789658279468,110.5852643885298,12940.70509265339,1830592.1424067486,416.32561646448596,60660.224356218176,0.03730558504443352,0.0014473793119720102,100,0.03,7595.981717805938,224.37160898143162,-232.07922690859448,456.4508358900261,5880.57458457752,294.70833333333326,404.4014957081212,791.9256952055067,7371.61010882448,18676.89797767737,4304.04279085331,9937.812665616098,1161.7541752355446,1520.7470041371666,5998.819607888128,28.916965817310125,12033.192883071919,5053.941010890206,6600.0,13200000.0,26048.50808650185,750.0,651.8177929696185,828.1510554680084,0.46445811043182517,23000.0,2908.6860741856644,30741.120077896412,117927.87309428553,0.0,58.701014428515926,202.37640231517526,177069.18996965938,184440.80007848385,-158392.291991982,0.0,-158392.291991982,141.46,0.0,0.0,484.8373587129381,552100.7036453389,236288.24626260222,186562.8839449287,77867.84623777213,26360.84479855681,25020.882401478957,0.0,771.1364712699966,949.1544120717932,659.5361117705999,253.50200358593108,358.588103082849,65.42739970403247
31,3,264.17337550360634,3152.2543148332647,29.981688222505873,1288.4314537410617,391.0415982876392,0.0,4861.709055084471,3182.2360030557707,1616.4795357825362,846.9982504121775,718.7582168610567,0.0,0.0,139415.33970588906,73325.63604618906,3182.2360030557697,116.90714409171238,1448.0576866533083,183.0513111595873,122.03420743972487,14083.67726070739,1992276.9852996676,428.51533933241205,62436.3132990219,0.037128415765593045,0.0013852918192721719,100,0.03,7898.735398101105,217.73197870142633,-255.8333925736937,473.56537127512,6145.267210619311,294.7083333333333,416.242088660146,824.7857867868705,7681.003419399661,23127.320745505225,6844.021612210736,11348.116191265688,1326.6220455005596,1575.351751809249,7338.364046316648,31.851356467149785,13254.278418355369,5566.796935709254,7120.0,14240000.0,30808.324164904887,750.0,634.572016334206,945.6763492721408,0.5125436712468445,11000.0,3183.0555604138162,30313.340109444696,118627.00497801979,0.0,61.0989312586708,207.79118733903516,165723.05167575358,173404.05509515325,-142595.73093024836,0.0,-142595.73093024836,141.46,0.0,0.0,522.8841301869824,630450.8995147605,267516.0052955182,212095.91755469464,89089.7234305533,31690.97620396111,30058.277030033245,0.0,793.0899519832357,981.4124437460952,686.4103806974326,267.47116250460186,381.8728872812161,71.97917684318868
32,3,283.0477320372689,3291.5332302822226,32.682034915586456,1378.9652357917996,441.5762861321276,0.0,5144.756787121736,3324.215265197809,1603.8609140552296,950.8655536803221,769.4887974622595,0.0,0.0,145309.82353210505,77593.41767264628,3324.2152651978126,123.98432985976856,1517.4249346367174,200.64116055872606,133.76077370581737,15266.700261079566,2159627.4189323154,442.40497556931297,64460.08607935607,0.037003992882564805,0.0013221357022019447,100,0.03,8248.309951041243,222.16987413652333,-273.8467490095243,496.0166231460476,6439.647937611302,294.70833333333337,429.73390719570716,862.0498987643953,8026.140076904738,25369.77215711643,7786.438442517352,12910.743590314658,1509.2969425092017,1640.1231735132412,7806.1105014999885,34.930165449341885,14535.460633906987,6104.893466240935,7880.0,15760000.0,33395.91223402117,750.0,677.9810078825994,1075.8952991928882,0.561795249564433,11000.0,3480.4662195021842,31045.674721699063,119412.67516159535,0.0,63.82493309179797,214.46049956789517,167721.53963778133,175747.67971468606,-142351.7674806649,0.0,-142351.7674806649,141.46,0.0,0.0,563.5751656376955,717263.5327952588,301841.8670923198,240357.01433507618,101608.75743976179,37715.793124837306,35740.10080326372,0.0,818.6216617304908,1018.6634985598089,717.2472263121687,283.09340712443526,407.55998620327256,79.02948526763657
33,3,352.3676468889523,3496.7058371567714,35.48206318091119,1468.8122495943603,496.12428407865025,0.0,5497.124434010692,3532.1879003376825,1659.9045131777682,1036.7692763793993,835.5141107805097,0.0,0.0,154007.87734547068,82976.43390054659,3532.1879003376794,132.9099139846939,1613.4004910249496,218.15163360666486,145.43442240444324,16516.51469609341,2336426.168909374,462.9008844560787,67446.4178886116,0.03693357479914186,0.0012435773987898792,100,0.03,8752.677785627895,245.10320897819645,-285.74349555117385,530.8467045293703,6846.949003811682,294.70833333333326,449.6427859240773,916.2744535805933,8507.574576649686,25690.133028332042,8937.554408429944,14819.416366492167,1732.4253754444155,1739.417680289939,6089.65566016681,38.40207046714084,15980.221575107504,6711.693061545151,8640.0,17280000.0,34197.707604981726,750.0,816.7938797648826,1234.9513638743474,0.6108245740986616,23000.0,3849.4537767043958,33616.57447635775,120530.67199728334,0.0,67.81800768648341,225.18899405523254,184092.06332030054,192599.63789695024,-158401.9302919685,0.0,-158401.9302919685,141.46,0.0,0.0,614.5472742315096,823300.9092495649,343302.0080453316,274798.93811592064,117025.52392123516,45299.431137135834,42875.00802994164,0.0,857.6850712150475,1074.513520920394,762.6727917624421,305.323607611037,443.4604772641135,88.53243156464447
34,3,440.8290484565113,3781.6025419140474,38.43712453371277,1561.756197119145,556.1576189003022,0.0,5937.953482467208,3820.0396664477603,1748.1458089931457,1150.7939485966074,921.0999088580061,0.0,0.0,166085.32290073656,89782.15552964597,3820.039666447757,144.20021785401735,1742.0802064996046,235.85728984274766,157.23819322849843,17865.49941952177,2527253.5478855497,491.35992012049707,71593.00752925289,0.03686600765683065,0.0011518006709614673,100,0.03,9432.812418948433,276.71741733494025,-299.5636375315429,576.2810548664831,7393.039980343023,294.70833333333337,477.286716861686,991.0599710754436,9156.095001613485,30767.857294585014,10858.458659183354,18004.48004176664,2104.7669708886274,1877.7281545687986,8312.559187964645,42.393875533268506,17641.32809007886,7409.3577978331205,9400.0,18800000.0,39923.9522961985,750.0,993.6723441185623,1500.3733368138871,0.6604004115596935,11000.0,4371.35870459091,36937.553346964516,122053.32597097928,0.0,73.34476159579698,240.4407221764163,177920.72958765095,187076.82458926443,-147152.87229306594,0.0,-147152.87229306594,141.46,0.0,0.0,678.7535205036954,1000248.891209258,412913.51648650726,332584.3737570489,142830.77663007958,57542.78765684793,54377.43667877431,0.0,912.8945557138036,1152.8627126747115,825.990138416827,335.5855997919968,491.7207880332263,100.98587181719223
35,3,408.71600870455035,4019.5174525083803,41.61685908580593,1664.7040311965022,620.8311483810634,0.0,6346.669491171751,4061.1343115941863,1853.1831803269172,1210.333328400201,997.6178028670674,0.0,0.0,176155.10246477983,96083.80083553493,4061.134311594187,154.67627717085912,1853.5903494752597,255.85875118461954,170.57250078974639,19292.65851702266,2729139.4738180256,515.0881343719775,75050.29851290774,0.03684268611852338,0.0010825357058106859,100,0.03,10030.012463544535,314.749434497436,-306.2382007054015,620.9876352028375,7866.266725103107,294.7083333333333,500.3353234193849,1053.9526471912616,9715.263029047086,33866.184241227485,12344.556959546178,20468.589178136288,2392.827248711948,1994.9746230297346,9005.512794340246,46.39042981387058,19304.410891710948,8107.852574518598,10160.0,20320000.0,43581.44727027457,750.0,946.5247008385707,1705.715764844691,0.7164045033169348,11000.0,4818.6520677213075,35865.56495767521,123349.49785280286,0.0,77.97377878260838,253.2827250638935,178767.92825223244,188483.19128127952,-144901.74401100495,0.0,-144901.74401100495,141.46,0.0,0.0,738.0984030154506,1137143.843229794,465642.6845983031,377036.1221114782,163057.89517723772,67606.74379053243,63800.39755224257,0.0,958.4795155327455,1218.1718784223235,879.4224381890048,361.17110557255523,532.4400614034499,111.44931247410739
36,3,307.6813082978771,4146.099203214996,44.97949895751376,1775.2159466662954,688.0561506308283,0.0,6654.350799469634,4191.07870217251,1859.6979943787835,1282.4215216056643,1048.9591861880576,0.0,0.0,181490.77256765816,100768.91953024988,4191.078702172506,162.49452071722845,1921.9562948268767,278.62642668405476,185.75095112270319,20750.237434042774,2935328.587419691,527.6609938443332,76882.21191489596,0.03677377578977028,0.001044103503206215,100,0.03,10379.754631698064,327.70678922334594,-320.21207577829205,647.918865001638,8156.3981239863,294.70833333333337,512.5480794326397,1088.3933057224338,10052.047842474705,34327.10391712663,13080.830704908461,21689.409404075148,2535.5440660256445,2054.957180146308,7893.571929846286,50.03731300221426,20821.98535317476,8745.233848333399,10920.0,21840000.0,44379.15175960134,750.0,768.8409443351616,1807.4507836729292,0.7801539947153534,23000.0,5106.053796039737,32219.790685338354,124094.24225063306,0.0,80.46871108171212,259.4926640869153,188087.1199891826,198139.1678316573,-153760.01607205597,0.0,-153760.01607205597,141.46,0.0,0.0,782.1212446139782,1204967.189115286,490704.54848208016,398817.3682843527,173326.6555393316,73153.24387498574,68965.372934536,0.0,981.4896533634708,1252.486707691428,908.6640771744773,375.52599178500543,555.4479661530718,117.46430600505232
37,4,487.17673068697115,4451.982774057293,48.42359104326941,1876.7134654584597,764.4076995975778,0.0,7141.527530156599,4500.406365100562,2056.5659476179017,1260.443205292558,1171.0740934742612,12.323118715837893,0.0,194136.06670331876,108246.83174157739,4500.406365100561,175.10874702549674,2058.9972626739354,299.5900534016385,199.726702267759,22309.917941047315,3155960.9919405533,557.4580958181789,81223.76290147277,0.03676512701020743,0.0009746197117924597,100,0.03,11117.14566704126,374.0942196642766,-328.3239183321972,702.4181379964738,8737.972583335646,294.7083333333333,541.4917526764851,1168.8787780315145,10743.05144737698,36803.23313920674,14308.719374597973,23699.587142916815,2754.9833683021297,2205.7782049738175,8177.911699247402,56.72964072327297,23606.858109638786,9914.880406048289,11680.0,23360000.0,47546.28458658372,750.0,1115.5227776755946,2031.035880209901,0.8388521495245879,11000.0,5746.6681486303305,46756.78831281699,181979.70904659538,0.0,86.40780220993074,275.60689040122446,249742.57771068887,260485.62915806586,-212939.34457148213,0.0,-212939.34457148213,141.46,0.0,0.0,887.9105347517317,1313854.163745785,516401.2873704578,425575.06304905773,188366.12063290013,85816.34993690276,87966.24852063086,9729.094235836003,1035.719173754131,1335.456037793178,981.7736059143056,409.6980209359448,608.0897501658764,129.6697765371258
38,4,441.1001533873231,4696.387611133761,52.103522695503194,1985.8836920428375,848.2528576718307,0.0,7582.627683543932,4748.491133829264,2182.9806410084198,1265.2559166059377,1276.2384940574489,24.016082157452733,0.0,204221.63708221607,114948.03458768399,4748.491133829258,186.43461974541043,2173.396655164071,323.1637319587879,215.44248797252527,23944.708376280083,3387218.4469085806,581.2235192097085,84686.47539822753,0.03672335397365992,0.000923359452642901,100,0.03,11720.980830390556,404.50383082339283,-342.2238059326867,746.7276367560795,9223.460725185285,294.70833333333337,564.5765026548502,1233.731438393667,11316.476999567136,37080.214001256965,13761.587156375643,22774.562184204537,2636.097616251621,2324.4331811211027,8033.197383572213,63.1591160312562,26282.35031053897,11038.587130426366,12493.333333333334,24986666.666666668,48396.6910008241,750.0,1043.5141142728658,1992.6928588287608,0.9048584494846061,11000.0,6126.652020531657,44961.38198896739,128865.48641071377,0.0,91.1710297695218,288.08620389296055,195119.88948542642,206436.36648499354,-158039.67548416945,0.0,-158039.67548416945,141.46,0.0,0.0,983.2928139297806,1260536.406080432,482541.79683163745,401959.67677864747,180405.0330671605,86500.61143593884,93151.17214440982,15978.115822637847,1078.3677090122706,1401.4402809330777,1040.7979216044232,437.47912676214384,650.8507103266091,139.55538519073394
39,4,442.56640237504337,4932.757958687504,55.96418022415301,2097.2113249499953,939.2606220573289,0.0,8025.194085918981,4988.722138911657,2261.5553354573167,1312.057017840318,1378.845744968241,36.26404064576707,0.0,213976.14337393633,121648.26500803306,4988.722138911645,197.77278406427274,2285.620702368463,348.1658529072158,232.11056860481057,25650.052657136526,3628456.448878533,604.2088302321889,88035.52255838481,0.03664961045064282,0.0008780896918496166,100,0.03,12300.503824926638,422.5511404154686,-363.85199606972515,786.4031364851937,9699.717136711282,294.70833333333337,586.9034837225654,1296.6237307439794,11877.95268451116,40209.11937084913,15169.890067272838,25087.14753960635,2892.8561612437315,2436.829266084237,8803.460701471144,69.72152893875989,29013.16172392322,12185.527924047752,13306.666666666666,26613333.333333332,52087.07205536029,755.9284268496945,1059.5036669713998,2234.3881508754216,0.9748643881402045,23000.0,6743.659617674118,45123.05411233078,130175.65902913794,0.0,95.78346506710353,299.8514523902742,209488.80278568485,221366.75547019602,-169279.68341483572,0.0,-169279.68341483572,141.46,0.0,0.0,1078.6337089113945,1386576.5620224974,519020.5211719944,436465.3830150394,198283.08340034913,98920.13030678606,110350.4138133017,23537.03031502664,1119.5894202584423,1465.2442488198153,1098.0872821430955,464.44223685856133,692.2646856970682,149.09426513466195
40,4,562.3230031243492,5280.623375248084,59.99557959562333,2206.7634919773805,1040.1346422222275,0.0,8587.517089043315,5340.618954843707,2400.916222399227,1373.725439815642,1513.622864329593,52.354428299251765,0.0,228377.35727986495,130279.34909353779,5340.618954843711,212.37233545414387,2442.6328483955926,372.8784373239453,248.5856248826302,27471.221443325536,3886078.9853728306,638.1435441817827,92979.93933275362,0.03658613768036108,0.0008217003281865534,100,0.03,13121.86363936215,452.9959392147931,-387.8906691387673,840.8866083535604,10366.045282021216,294.70833333333337,619.8662622183575,1388.2478225744637,12668.867700147372,45844.4650146653,17849.226658914034,29495.252962457766,3387.355474055555,2603.838820315463,10741.002344556811,77.40125166420718,32208.918340563097,13527.7457030365,14119.999999999998,28239999.999999996,58513.33271481267,809.5997886193398,1297.9230684513454,2676.773230039099,1.044059624507047,11000.0,7632.935221552632,50252.87186207973,132049.4534377823,0.0,102.5398839329993,317.75912849681276,206140.89968057876,218809.76738072615,-160296.43466591346,0.0,-160296.43466591346,141.46,0.0,0.0,1199.340580946217,1627737.8271099613,594867.8527130415,505562.88725723105,232753.02347789772,120705.20547009277,139058.40004827772,34790.45814342082,1181.9964097858497,1559.7783691307811,1181.4176123306065,503.20758176745227,751.556731841512,162.66224998750857
41,4,423.05118879512315,5471.737335028845,64.29391246403802,2327.7047224186554,1146.8323079269019,0.0,9010.56827783844,5536.031247492883,2408.0363551621695,1459.1165714077133,1604.5839184257318,64.29440249726898,0.0,236244.68145805114,136582.06992446203,5536.031247492883,223.07592018080373,2539.3976547284524,401.8293150162454,267.88621001083027,29340.903573026902,4150564.2194403857,656.6819394364746,95681.05396726423,0.03648761547872226,0.0007904699226664885,100,0.03,13603.559144626324,454.5045591228526,-417.36101499974563,871.8655741225982,10776.695767136605,294.7083333333333,637.8736931150949,1439.7767919184218,13149.054585503456,46632.93794792904,17337.953997709472,28636.082108964063,3280.025120744653,2691.573208422891,11131.480859823816,84.09198951664919,34993.129506324825,14697.114392656425,14933.333333333334,29866666.666666668,59781.992533432494,864.7008790500804,1052.961747606131,2630.0155755581513,1.1251220820454872,11000.0,7999.634427823449,44534.55031369647,133148.48124081615,0.0,106.29179995186337,326.7448441514068,201664.50595073574,214813.56053623918,-155031.56800280669,0.0,-155031.56800280669,141.46,0.0,0.0,1290.0111807756682,1578770.2962785435,568137.7549248666,486248.68213343475,225844.98734267268,119869.20435637723,140629.6689267132,38039.99859447913,1214.6789381402768,1611.1910952954413,1228.66728877573,525.4997231959053,785.5880967103194,170.40610537521016
42,4,399.9518962215852,5635.947045832501,68.71880544066529,2447.3463516934294,1258.5079710934324,0.0,9410.520174060028,5704.6658512731665,2454.4137218791298,1487.9972834156154,1686.6294296367994,75.62541634161866,0.0,242995.11180889604,142492.72842930417,5704.6658512731665,233.13056564608837,2625.7856011410454,432.0620908168038,288.0413938778692,31246.585689473282,4420142.01163289,672.5885098470617,97998.70172105431,0.036432301190381905,0.0007645074696810867,100,0.03,14044.209100787932,468.4180509620438,-436.6588390508422,905.076890012886,11143.308934122368,294.7083333333334,653.3246781403622,1484.4491042298137,13575.791049825877,53540.9226668753,17508.920047542026,28906.1324892837,3303.4953447422386,2769.1047153518266,16957.149959317656,90.66322703506889,37727.613097694186,15845.597501031558,15746.666666666666,31493333.333333332,67116.71371670118,920.8629190901855,1022.2266132317334,2681.7143713377186,1.2097738542870506,23000.0,8423.73521968764,43645.35637086425,134115.31765123,0.0,109.52958434444474,334.62256715851777,214254.57507079878,227830.36612062465,-160713.65240392345,0.0,-160713.65240392345,141.46,0.0,0.0,1375.3337493470424,1592320.6276518768,565617.614226508,487026.10062662704,227929.75942175623,123231.7668173963,146608.85199227612,41906.53456731306,1242.3493252365884,1655.1844904308434,1269.7199102515956,544.9883113287857,815.289899151851,177.13391487350015
43,4,378.9930313923645,5777.190075000629,73.24063578337746,2564.6348011480663,1374.4476935203224,0.0,9789.513205452395,5850.430710784007,2370.291074491132,1632.7827473575742,1761.2042334708112,86.15265546449369,0.0,248786.67445025788,148047.68327612404,5850.430710784009,242.59932615440826,2703.4484192719833,463.34103459693847,308.8940230646256,33177.7990510837,4693331.4537663,686.2356247944246,99987.13822792188,0.036298632050653104,0.0007426482299109172,100,0.03,14404.544336167186,447.1031703733415,-476.01538250431554,923.1185528776571,11472.894401706442,294.7083333333332,666.5809215194793,1523.2575092346042,13957.441165793858,59978.57218403129,19675.771261130823,32471.792469712127,3703.919317061905,2829.20435196881,20369.377742217097,97.11565834123724,40412.65795898516,16973.316342773767,16560.0,33120000.0,73936.01334982515,977.7773862013127,994.8225042394463,3038.0046878228895,1.297354896871428,11000.0,9064.186497963678,42842.80708726546,134968.6049962264,0.0,112.32826964705302,340.50686761845185,203340.33565188156,217297.77681767542,-143361.76346785028,0.0,-143361.76346785028,141.46,0.0,0.0,1456.0723058234255,1787469.9639717247,627839.7826357071,543577.7515048897,256127.47987852976,140545.01759691388,169043.91463453777,50336.01772114639,1265.6767296633348,1692.965408222285,1305.6335919457472,562.0315175553043,841.1648270959671,182.95863630137114
44,4,404.7347251806476,5943.610498936297,77.83309908475199,2677.631658415828,1495.172674196157,0.0,10194.247930633033,6021.443598021048,2344.5991563215207,1737.4250802913618,1842.205487204123,97.21387420405472,0.0,255621.5864040636,154033.88074734848,6021.443598021048,252.80680626605738,2791.0650589530055,494.74573220471007,329.83048813647343,35144.28788969553,4971510.9648763295,702.3412658562222,102333.79133206182,0.03620457946052039,0.0007194053466016766,100,0.03,14831.403911919899,441.1858047829361,-507.8171052462203,949.0029100291564,11844.721897184765,294.70833333333337,682.2252755470788,1568.5626010717765,14390.218107136954,64391.091320995314,22045.54558850331,36370.491388627794,4141.208211308696,2904.1254061758295,21283.083485851494,103.81770234840137,43201.573945487646,18144.66105710481,17613.333333333332,35226666.666666664,78781.30942813227,1035.731451015902,1054.586679503189,3429.5029821683243,1.3852880501731883,11000.0,9752.850644212635,44028.160889571154,135948.62402536024,0.0,115.61171708200438,348.0800766745655,206714.53375363818,221104.75186077514,-142323.44243264286,0.0,-142323.44243264286,141.46,0.0,0.0,1541.9963394171878,2000750.5813027376,695071.6295610687,605142.692671253,287080.25377483777,159689.17235518023,193954.9770699467,59811.85587045118,1293.7312172850902,1737.6795795904231,1347.5988594780838,581.7699428371053,871.0258218677332,189.638176962617
45,4,502.2215770004108,6204.565012245416,82.51291159213642,2786.360504171958,1623.0310796239255,0.0,10696.469507633436,6287.077923837553,2416.8027222391124,1808.5959332430054,1950.6393150671659,111.03995328827979,0.0,266374.7297984511,161663.02866539345,6287.077923837564,265.8006567603411,2916.456441713864,525.2926828481383,350.1951218987589,37185.25652666251,5260226.388261679,727.6797440936216,106025.70389746822,0.03615529217455373,0.0006885101314215641,100,0.03,15475.830219001358,459.20636719007973,-533.4692318227751,992.6755990128548,12376.857847345296,294.70833333333337,706.8380259831215,1638.2196451494765,15016.623851811228,63370.17132005303,24867.24036794976,41010.93778309949,4660.634835881875,3027.8541247194307,16237.792158014472,111.41163551257023,46361.63102349891,19471.88502986954,18666.666666666668,37333333.333333336,78386.79517186426,1095.8804975545165,1250.004002679763,3899.3020939393477,1.4708195119747873,23000.0,10591.045857902249,48323.75721208763,137404.12842235772,0.0,120.71189613768124,361.1238122572568,226047.42461442814,241064.04846623936,-162677.25329437508,0.0,-162677.25329437508,141.46,0.0,0.0,1648.2943009047128,2254419.066954231,773596.0735054153,677866.2807990866,324101.19003970874,182885.78452118757,224358.10422291694,71611.63386591601,1339.4457506389954,1808.2619034929712,1411.9699002630446,611.6524062784484,916.0933250251046,199.65463813900092
46,4,626.0258655384831,6578.689303553758,87.36007192486892,2895.4994769679665,1760.9465207253247,0.0,11322.495373171918,6666.049375478627,2532.915783948881,1909.085050883708,2095.734412239262,128.31412840678797,0.0,281804.4097926561,171374.68212496882,6666.04937547864,282.3351339163721,3087.9085700863056,555.3645560990158,370.24303739934385,39347.55750325045,5566105.484409809,764.0379136449787,111323.22736214526,0.03610834190071271,0.0006503131732893426,100,0.03,16363.545593216111,485.11989372073936,-565.3059294500936,1050.425823170833,13104.466389732264,294.7083333333333,742.1548490809683,1737.096127348753,15878.425699495321,74914.96783946107,29657.516557954175,48893.00564780392,5545.447508464648,3205.9114896000215,21726.140724121877,120.27917406419748,50051.67244983458,21021.702428930523,19720.0,39440000.0,90793.39353895638,1159.6053092520435,1497.8227124413513,4688.140660728863,1.555020757077244,11000.0,11793.730140089097,53843.21809754143,139432.88104647337,0.0,127.98814800918987,380.19899861240754,223925.14013390485,239803.56583340018,-149010.1722944438,0.0,-149010.1722944438,141.46,0.0,0.0,1782.5458155020744,2685744.5829172065,909551.21861215,802688.8577326441,387068.0049549949,221501.0001853727,274420.3874150128,90515.11401703197,1406.0927151212782,1909.7686001299644,1503.472088286068,653.7564529622842,979.3537630795162,213.60575589952697
47,4,578.2420760670448,6885.525222476431,92.47405955887268,3015.4877379711234,1907.2504292325477,0.0,11900.737449238975,6977.999282035304,2673.110455758972,1936.844816857228,2224.310260166409,143.7337492526894,0.0,294437.8245908461,180223.25172690832,6977.999282035297,297.4332927934156,3234.3374844171685,588.7889064293371,392.5259376195581,41600.58014361873,5884818.067116306,793.8070234008343,115660.6997761905,0.03609248077597402,0.0006208816101365882,100,0.03,17131.695772101688,521.1765468503058,-585.715651214902,1106.8921980652078,13725.88141636958,294.7083333333333,771.07133184127,1818.8581437071782,16610.519225251363,81185.68226289391,33249.51349551497,54798.90625951349,6205.6990113347465,3354.211165908188,23158.512877318248,128.93484396886652,53653.54915270547,22534.490644136295,20773.333333333332,41546666.666666664,97796.20148814528,1226.003763982564,1426.7699642012021,5289.0219635157655,1.648608938002144,11000.0,12810.58995801696,51960.92505849608,141136.06929026582,0.0,133.9775862150777,395.9396525014204,225380.9458461329,241991.46507138427,-144195.263583239,0.0,-144195.263583239,141.46,0.0,0.0,1907.7288600448423,3008441.072034847,1007948.2227218767,894834.4001888252,434622.3264982049,251389.95088451914,313720.51712252724,105925.65461889395,1460.0800475479548,1992.6286212233383,1579.3756534293832,688.8867474820826,1031.9432428911705,225.08496946136637
48,4,433.78419604028545,7034.728614603649,97.79582446677719,3144.1599596805754,2057.837246528247,0.0,12334.521645279247,7132.524439070426,2673.69007307083,1996.5628351254547,2307.90930774867,154.36222312548568,0.0,300545.3362177602,186548.94774871386,7132.524439070441,308.27912220336646,3319.265543514164,626.5428044012878,417.6952029341918,43875.607679797424,6206643.462384144,808.1986338134695,117757.61210143102,0.03603199782604803,0.0006050334463658326,100,0.03,17550.980180960418,524.7210964003364,-612.255555940299,1136.9766523406354,14086.299113565408,294.7083333333333,785.0507473428735,1860.200890318452,17026.259084560068,80959.95696054392,34964.1807630691,57613.83259647523,6517.778706393073,3422.5384084875955,20085.345568282366,136.50445763782182,56803.48617944398,23857.46419536647,21826.666666666668,43653333.333333336,97986.21604510398,1293.05072133003,1172.5364120329054,5584.847964014179,1.7543198523236057,23000.0,13465.608463124998,45776.008599067725,142057.539660521,0.0,136.9444692301525,402.74781114248435,232891.0384203158,249917.29750487587,-151931.0814597719,0.0,-151931.0814597719,141.46,0.0,0.0,2003.4428825106115,3161778.6642664727,1051672.1719980915,937484.6162942402,457633.3353016929,266486.36670306005,334077.0612407543,114425.11272863363,1484.7704767421749,2032.374361711798,1618.0995718566319,707.1874000904345,1059.1666416652963,230.92598700410858
49,5,629.4872521394611,7380.4225313894,103.18265099759489,3261.255928987965,2219.147786043747,0.0,12964.008897418706,7483.605182386995,2886.9353613917324,1958.37780110741,2444.937713947893,193.35430593997208,0.0,314625.62031747965,196198.8403502744,7483.605182387012,324.8573354302902,3480.9817910040806,661.3317123721026,440.88780824806855,46254.36995018131,6543143.173152649,841.377115598001,122591.84297566803,0.03602955208577492,0.0005769268232537025,100,0.03,18404.776512316726,568.0830716948396,-632.5700379459065,1200.6531096407462,14772.59052466312,294.70833333333326,817.2789531711202,1952.1156294543255,17836.6934406219,83167.35668747587,36258.355360699854,59689.35173170437,6717.9778861272935,3589.9231212841055,19723.831873775216,147.16326002186597,61238.92473133286,25720.3483871598,22880.0,45760000.0,101004.05012809778,1363.1548277401353,1553.4716833805642,5910.764465679129,1.851728794641888,11000.0,14377.346400100409,62458.61408412628,200938.78329165868,0.0,143.68521950183055,420.20978764331625,298167.881488625,316004.5749292469,-215000.52480114915,0.0,-215000.52480114915,141.46,0.0,0.0,2157.6309766513396,3269475.5031027924,1072719.1631736748,964693.5879579629,476351.0569205735,280699.83010571386,353062.2554248854,121949.60951998176,1543.166351975828,2123.795937038951,1705.1553881559657,748.1775091963773,1119.877154481157,243.43284153872844
50,5,568.5526231354883,7649.060075339082,108.80304044485837,3385.7259921967184,2388.972412573548,0.0,13532.561520554207,7757.86311578394,3010.4462327076067,1958.7071778587485,2561.044963955845,227.66474126174114,0.0,325542.59931839217,204730.43928867584,7757.863115783939,339.54670784088023,3613.6351623176183,699.3991116505932,466.2660744337289,48702.33992641461,6889433.00599061,867.1016525717332,126340.00576598132,0.03599694337799817,0.0005557671461243422,100,0.03,19088.208545617665,591.3361494281176,-658.8416747351184,1250.177824163236,15335.544901843508,294.7083333333333,842.2667051065422,2024.3524559062048,18496.872396189592,80489.28332572318,33521.51582613622,55142.72374209897,6181.245268175033,3717.3870644081535,18608.421552220516,157.28940019687803,65452.70700215473,27490.136940904988,23893.333333333332,47786666.666666664,98986.15572191277,1435.2985429147104,1457.7991984172795,5550.697872335279,1.9583175126216612,11000.0,14746.780157473295,59829.9443842889,148009.13499172687,0.0,148.95097182305167,433.2576918785216,242613.82212837052,261110.69452456012,-162124.53880264735,0.0,-162124.53880264735,141.46,0.0,0.0,2297.687348132534,3015948.7869743034,978713.8720608251,886404.716633766,441781.009301994,262737.6941295137,331238.91291198664,115072.58193621787,1587.7069149049478,2194.2775453604168,1773.7941345237114,780.8326654200786,1168.0400981849682,253.21175738981572
51,5,569.1810383167626,7909.291823954844,114.5875151600809,3510.8859010672936,2566.9773186887637,0.0,14101.742558870983,8023.879339114926,3069.0303138503473,2018.2634358435278,2675.153809446975,261.43177997407133,0.0,336112.4311075162,213231.079517096,8023.87933911492,354.19888568973096,3743.831951822918,738.9124060183677,492.6082706789119,51214.65120154025,7244824.558969884,892.0081792438764,129968.98134691393,0.035935698407170216,0.000536473677459565,100,0.03,19741.04271974217,597.2809174154929,-695.3301117705348,1292.6110291860277,15888.0740371461,294.70833333333337,866.4598756460929,2094.5195562011627,19143.761802326688,84965.09990691033,35732.10567982375,58740.58488456999,6561.115437066641,3837.611259013466,19723.929933485953,167.50545050498536,69703.90350172084,29275.639470722752,24906.666666666668,49813333.33333333,104108.86170923701,1509.3384497853924,1476.0371976521405,5997.328418112542,2.06895473685143,23000.0,15700.070405284208,60037.151619211116,149501.70115344352,0.0,154.0584833110065,445.4823861582314,257823.237067695,276966.9988700217,-172858.1371607847,0.0,-172858.1371607847,141.46,0.0,0.0,2437.9331021144817,3208526.0419587786,1030910.6200226159,939716.7991934004,472345.2443621796,283147.7883247695,357617.375623729,124788.21443208416,1630.7363908044379,2262.382073098138,1840.592551477465,812.6796835321121,1214.8503423025957,262.63829790017127
52,5,721.6430766330103,8314.164039255329,120.5249853217714,3631.496116312251,2757.2004946146167,0.0,14823.38563550397,8434.689024577101,3200.783165432802,2097.122817600247,2831.977497760362,304.8055437837047,0.0,352601.6697768588,224375.39192785,8434.68902457711,373.3821575027444,3932.3609282403595,777.0211175393179,518.0140783595454,53851.976933881764,7617900.657066915,2000.0,288578.4,0.03588580234828181,0.005107799822450518,1000,0.02,20705.284795827578,2506.892128796557,20.881307908700364,2486.0108208878564,11125.435538177626,2947.083333333333,1923.856,2202.017795519964,18198.392667030923,96375.92350261917,40522.43396056419,66567.6328555774,7406.261695451529,4027.6796282350524,23219.5121781502,179.40560687308076,74655.90565231608,31355.480373972754,25919.999999999996,51839999.99999999,114574.3161696501,1587.0626368889407,1779.741260836188,6901.378133117147,2.1756591291100906,11000.0,17128.564928834916,67422.90289596582,151723.60744787776,0.0,161.94602927188063,465.3144527795846,258172.69344470135,276371.0861117323,-161796.76994208217,0.0,-161796.76994208217,141.46,0.0,0.0,2613.2322737462337,3630834.8902276475,1153397.6641341378,1059254.3171604478,537678.6127091167,325093.18888408504,411292.8842994541,144118.22304040653,1699.5975673711873,2369.0280482640906,1942.6988372686876,860.8232943508893,1285.5815152473776,276.95976207487814
53,5,541.4631673910969,8518.803673489607,126.74060009688203,3765.369852662616,2953.9346766459607,0.0,15364.848802895065,8645.544273586489,3167.8481500949833,2209.407001913163,2932.94204241648,335.34707916187693,0.0,360882.68002749875,232249.18775689707,8645.544273586502,387.0021805830477,4042.8298484984025,821.1241767099117,547.4161178066078,56526.266487863606,7996205.657373186,2000.0,288578.4,0.03579837565485534,0.004968681491254154,1000,0.02,21233.15741581179,2666.1072615644193,81.38726018107309,2584.7200013833462,11437.97420737168,2947.083333333333,1923.856,2258.1366135423873,18567.0501542474,95916.26988164237,38488.451741354686,63196.207880499,7012.817932604602,4117.676633176125,23521.105741600935,189.59517061288798,78896.08031829218,33136.353733682714,26933.33333333334,53866666.66666667,114483.32003588976,1665.8761786194138,1462.6523237603813,6617.960823412217,2.2991476947877527,11000.0,17561.32642666326,59131.01111271193,152954.35247070712,0.0,165.99445005286088,474.18708484173686,251035.6600184637,269602.7101727111,-155119.39013682137,0.0,-155119.39013682137,141.46,0.0,0.0,2748.5450642085266,3443656.150904806,1085619.2426691258,1002049.6573780288,512075.55372497893,311290.9150005,394191.16790563875,138429.61422653362,1732.5567116357263,2421.9944378132327,1996.583601158898,886.779410753222,1323.3044257324382,284.3256864929791
54,5,510.7476928173293,8689.9743262048,133.05567355430227,3896.5006354384354,3156.065860514878,0.0,15875.596495712414,8823.029999759101,3195.4028734029994,2240.891601862649,3023.4018819126754,363.3336425807682,0.0,367794.0470513037,239551.50367266516,8823.029999759092,399.65710003537106,4139.925320255507,866.5970455663553,577.7313637109035,59221.86339884185,8377524.796400169,2000.0,288578.4,0.035748537047392406,0.004852399642708088,1000,0.02,21711.714920624745,2822.427096275925,140.88295569263664,2681.5441405832885,11712.676716066882,2947.0833333333335,1923.856,2305.6717749486156,18889.287824348834,108602.24938827001,38157.22362177101,62626.77736316682,6934.056079709097,4195.783300419746,35280.66445574112,199.4842473955555,83011.21359725168,34864.70971084571,27946.666666666668,55893333.33333333,127491.53721261884,1745.317665916702,1421.1511265834317,6614.46269262056,2.426471727585795,23000.0,18159.05402887685,57823.379058814004,154019.34584995694,0.0,169.4021759953746,481.7827941804285,263436.32186467183,282325.60968902067,-154834.0724764018,0.0,-154834.0724764018,141.46,0.0,0.0,2876.819373504714,3409834.3354815734,1067903.3576148124,990000.7448192248,508916.58383846504,310751.8861324837,393768.4600813163,138493.30299527152,1759.567039574253,2465.8844967952646,2042.3972273394186,909.0964339042556,1355.5699354979415,290.51486664795584
55,5,482.3815679505458,8832.103506019446,139.43395283881702,4023.8193677535064,3362.6212370511826,0.0,16357.978063662951,8971.537458858264,3076.961725126523,2401.0791570817605,3104.316001630181,389.18057501979786,0.0,373512.88918249734,246328.13675862487,8971.537458858262,411.42631512081283,4225.572003573354,913.1180322873668,608.7453548582446,61925.57201526963,8759991.417280043,2000.0,288578.4,0.035640768182605,0.004754579335659,1000,0.02,22091.610315635586,2919.9417262977113,165.63720962585876,2754.3045166718525,11954.988312509733,2947.0833333333335,1923.856,2345.7409434947685,19171.668589337838,120324.47448482359,42222.04728595806,69273.51428182163,7654.882996953509,4252.988342169131,41760.425173993906,209.0719564047572,87000.93895583088,36540.39436144897,28960.0,57920000.0,139496.14307416143,1824.9982119333424,1383.1452426183982,7370.907947063037,2.556730490404627,11000.0,19237.46440629971,56608.70524074907,154939.50602874195,0.0,172.25351921007865,487.0681780080363,253026.60550511404,272198.27409445186,-132702.13102029043,0.0,-132702.13102029043,141.46,0.0,0.0,2998.7796170462843,3769020.3577673095,1173614.0199202527,1092254.2430925472,564461.2777959334,345874.2371231224,438453.5803486805,154362.99948677327,1781.3738215575943,2502.031840764585,2081.3341191671493,928.1873340204439,1382.95639605771,295.65394729077866
56,5,513.5656801285907,9006.464688941103,145.84303855047068,4144.8369881342815,3574.3990281656966,0.0,16871.54374379155,9152.307727491574,3033.8549055800922,2508.6950041322643,3192.7938204902734,416.96399728894704,0.0,380544.2937427438,253661.5208560982,9152.30772749157,424.16044817191533,4323.83434659874,959.249342376732,639.4995615844881,64650.657457907124,9145482.003995541,2000.0,288578.4,0.03556606926294416,0.004646887911611894,1000,0.02,22556.20792898434,3058.159418337991,213.98851789626133,2844.17090044173,12232.992133397154,2947.083333333333,1923.856,2394.1170439158714,19498.048510646357,127365.17015703107,46589.24145956924,76411.60670053246,8427.115364814123,4329.035767428888,42956.46832589728,218.93185246436266,91103.92928482487,38263.650299626446,30213.333333333332,60426666.666666664,146863.21866767743,1905.3087508324045,1456.2428205516392,8190.053788957676,2.6858981586548505,11000.0,20381.37900098897,58259.818165124714,156020.7058491163,0.0,175.7243083678383,494.4148035891583,257886.33338568735,277384.3818963337,-130521.16322865628,0.0,-130521.16322865628,141.46,0.0,0.0,3126.8599645644877,4154421.604561258,1286080.1234165553,1201718.0401788682,624410.6024667005,383911.97922054684,486800.8973990736,171499.96187951358,1808.870775048926,2546.6258353105814,2128.258978318444,951.0058068601065,1415.707926921311,301.8384050322049
57,5,635.2884187436481,9300.485716796791,152.3053689925854,4259.250146008226,3794.7909307375935,0.0,17506.832162535196,9452.791085789377,3114.8030304396298,2569.819070811016,3315.204979548541,452.964004990192,0.0,392452.30690997833,263195.1049774763,9452.791085789382,440.67888701620006,4470.175640438338,1003.418010734089,668.9453404893927,67448.46974712198,9541260.530427877,2000.0,288578.4,0.03553185045599814,0.004494921019896005,1000,0.02,23296.365791047254,3305.038042584386,323.3057805583171,2981.732262026069,12647.020921928148,2947.0833333333335,1923.856,2473.3674932013955,19991.327748462878,123167.31408232573,51611.147595117116,84613.88176954363,9310.847278954292,4466.256416561068,32088.11478847124,230.09057292525247,95747.39832934646,40213.90729832551,31466.666666666668,62933333.33333333,143158.6418307886,1987.7626105058077,1700.488539551805,9144.402045682613,2.8095704300554494,23000.0,21731.997400976597,64361.746869082446,157702.62699333308,0.0,181.49358884715608,508.3869355301456,280321.71455393976,300313.04230240267,-157154.40047161406,0.0,-157154.40047161406,141.46,0.0,0.0,3281.2035078604636,4596629.655610435,1413131.5933491993,1326724.3957865816,693831.5208280628,428318.0579924365,543182.6652423969,191441.42241175778,1857.4558649167052,2622.647988949646,2204.6123306276586,987.5873293774638,1468.480448406558,312.00712351134723
58,5,789.0155640107322,9736.407576179005,158.9232100930344,4372.547692299187,4027.969247974693,0.0,18295.84772654592,9895.33078627204,3248.8299710294996,2661.956729008708,3485.066017614967,499.4780686188688,0.0,410128.43801411183,275493.58981627686,9895.330786272043,461.9641803893062,4674.692266299449,1046.1113230366386,697.4075486910924,70379.64314169376,9955904.318823999,2000.0,288578.4,0.0355006969608184,0.0042984081807569815,1000,0.02,24340.05983966843,3654.157404855375,487.88541084065764,3166.271994014717,13225.639359814406,2947.0833333333335,1923.856,2589.3237416653374,20685.902434813077,143725.58332698274,60320.89290537687,98849.55354549138,10850.785647376912,4670.562445776841,42116.680875956044,243.28969501760892,101239.93800408178,42520.773961714345,32720.0,65440000.0,164411.4857617958,2074.146733088333,2008.5542252162322,10778.561736401516,2.9291117045025885,11000.0,23705.13612191925,72174.55241789191,160102.2905617526,0.0,189.99035109642327,529.5566403203669,282565.71789939114,303251.6203342042,-138840.13457240842,0.0,-138840.13457240842,141.46,0.0,0.0,3475.305728206186,5365219.030755629,1636473.6210846638,1544777.8417680354,813906.1762565939,504799.5031673068,639931.8327681589,225330.05571087028,1930.829110446079,2735.7535399520416,2316.1767981144603,1040.6600363100285,1545.074465570547,326.8368358788856
59,5,726.0422591278806,10086.309711941944,165.82230167692535,4498.188903460003,4271.569068594926,0.0,19021.8899856738,10252.13201361887,3414.290283381478,2664.1689688055358,3632.458796582488,541.2139648493686,0.0,424288.43632410216,286539.99604679464,10252.132013618875,481.1267871355517,4846.594900531886,1093.1662176855564,728.7774784570378,73404.29434608301,10383771.478196904,2000.0,288578.4,0.03549255571770943,0.004145984036546813,1000,0.02,25229.117741656104,3962.8774155494007,628.5117721674001,3334.3656433820006,13711.986292584814,2947.083333333334,1923.856,2683.314700188607,21266.240326106756,153717.98300361712,66546.85766945625,109012.12148073416,11941.869796672345,4837.225850519754,44141.72479393718,255.96394082122902,106514.06134627316,44735.90576543473,33973.333333333336,67946666.66666667,174984.22332972387,2163.285724624355,1913.834878956793,11974.886104969228,3.060865409519559,11000.0,25330.702705141786,69416.50555003408,162084.49617584783,0.0,196.84093466148232,546.6100965258986,284630.22303617105,305896.46336227783,-130912.24003255396,0.0,-130912.24003255396,141.46,0.0,0.0,3657.620923929279,5912420.8791995905,1791471.1468967379,1698752.2401939393,900790.3363624357,560847.037588215,710641.6680700576,249918.45008820514,1988.8876993559813,2825.605893200706,2406.8550107651063,1084.3373612635928,1607.7269849281513,338.71906410533535
60,5,542.748985560369,10237.824159745527,172.9282038722653,4634.079354826672,4519.807252789725,0.0,19564.638971234188,10410.752363617792,3404.4460761358137,2714.428741475427,3722.3341159080837,569.5434300984647,0.0,430369.6028926218,294118.2249832543,10410.752363617783,494.35050657927826,4939.995981934622,1146.1750076061996,764.1166717374665,76433.99864867394,10812353.448841415,2014.1137727805783,290614.8649834914,0.035440203801192754,0.004067816214350873,1000,0.02,25675.996271404507,4088.968155209199,659.2571342894735,3429.7110209197253,13976.236632089433,2947.083333333333,1937.4324332232763,2726.275717549265,21587.028116195306,151587.96070419953,69282.70888379161,113464.64484101844,12411.83540174166,4904.267981735556,37818.64202896759,266.70698782892504,110984.55654318382,46613.5137481372,35226.666666666664,70453333.33333333,173174.98882039485,2252.573635175295,1591.0247924237083,12528.123296823436,3.2092900212973596,23000.0,26358.450250326314,60545.82079473906,163081.8445454658,0.0,199.88644538146156,552.8840624572625,290113.8171128136,311700.8452290089,-138525.85640861402,0.0,-138525.85640861402,141.46,0.0,0.0,3800.948896187239,6150718.93096511,1855238.4512208472,1764621.44349146,939967.8712225013,586780.968591659,743124.8168295833,260985.37960905864,2012.0945529270507,2863.1468659609277,2448.8329699337137,1105.397688929882,1637.3349077394878,343.94537812672536
61,6,743.7841442455909,10592.69362509702,180.06242562284422,4755.934384023421,4779.73268073645,0.0,20308.423115479734,10772.756050719863,3618.925055096716,2654.082091773034,3857.4007272058398,638.7914094482945,3.5567671960051217,444615.4277232021,305378.8332096018,10772.756050719883,513.987445300039,5140.459153219728,1195.0080847812887,796.6720565208591,79582.7776605915,11257779.727867274,2047.6823312201377,295458.4454258887,0.03043344503723621,0.003929474513135481,1000,0.02,22824.90911834108,543.029905207605,-1500.5227620673365,2043.5526672749415,14543.387036289256,2947.0833333333344,1969.7229695059248,2821.6858740049806,22281.879213133496,149000.59102293575,70311.2948076234,115044.48561848894,12520.73483768865,5072.273236904807,36312.63485200053,281.3582211994581,117081.36207376227,49174.17207098015,36480.0,72960000.0,171282.47023606926,2345.3707766390153,1985.2533603187353,12944.821701286573,3.3460226373876085,11000.0,27561.928379629146,78586.99080718993,222962.5604941034,0.0,206.83691617382186,489.34139951251245,358086.4498574905,380368.32907062396,-209085.8588345547,0.0,-209085.8588345547,141.46,0.0,0.0,4006.239227141844,6225369.893759008,1862532.5835159072,1780475.4848078983,955636.6970359698,599754.2565314479,759946.2248698435,267024.6469979421,2068.8936590153357,2951.6965725264185,2541.6330109960313,1151.5648010511516,1703.1561532948344,355.8118538361141
62,6,669.9854682765994,10858.321393722897,187.39898183928082,4884.121588607407,5048.5666195867825,0.0,20978.408583756365,11045.720375562178,3728.2899300726285,2644.065173937005,3967.4944706176816,698.9303703658405,6.940430569001372,455245.1440241807,315167.59428707854,11045.720375562156,531.1041268870424,5280.588109249461,1247.9903402753603,831.9935601835735,82783.38186938206,11710537.199242787,2072.7299684815043,299072.5489682215,0.03040025587864579,0.0038253304842717473,1000,0.02,23420.744376830462,645.7980460747899,-1485.2528515850395,2131.0508976598294,14939.839878688574,2947.083333333332,1993.816993121477,2894.2061256122997,22774.94633075568,141362.52067144695,63906.816990572464,104487.31044657712,11324.046530963053,5194.516863537268,33627.036757908914,295.0186800202051,122765.8774167555,51561.66851503731,37693.33333333333,75386666.66666666,164137.46700220264,2439.6952498422474,1868.8253738243998,11941.718232008338,3.4943729527710095,11000.0,27820.83291825134,75068.40033996821,170080.66545426057,0.0,212.07783121079342,499.5096418321348,300935.2194141508,323710.16574490647,-159572.69874270383,0.0,-159572.69874270383,141.46,0.0,0.0,4193.404485967643,5645906.333807665,1677724.6140266724,1610443.4644301785,869968.2596831056,548404.5117645656,695101.0655222087,244264.41838093294,2110.3444460172004,3016.8055558527917,2612.410087109696,1187.494983667213,1753.977350897423,364.68795201784104
63,6,669.0198524084692,11115.466267658365,194.8573824561848,5011.152278649487,5325.952507400783,0.0,21647.42843616482,11310.32365011455,3757.975415199435,2708.981651396816,4074.946214461442,757.9279047274778,10.492464329397372,465526.4916657023,324874.92027878156,11310.32365011457,548.0986547214304,5417.922868052195,1302.2036010174104,868.1357340116069,86030.96540240523,12169940.365824245,2096.9567172479906,302568.2071663388,0.03034159942961351,0.003728590674051491,1000,0.02,23982.043029820463,724.8453608759075,-1483.6751616263653,2208.520522502273,15328.387378293268,2947.0833333333335,2017.1213811089253,2964.605576209,23257.197668944526,147424.30102228184,67090.0491187098,109616.89532467914,11834.115515059179,5308.7547964070845,35085.32737874329,308.65770087906685,128441.47179853808,53945.418155385996,38906.666666666664,77813333.33333333,170681.49869122636,2535.404242880051,1887.1095800406126,12704.300237170759,3.6461700828487493,23000.0,29182.113441371075,75302.89587706242,171619.60853904622,0.0,217.15821408219975,508.8449850660185,316961.0812868022,340218.27895574673,-169536.78026452038,0.0,-169536.78026452038,141.46,0.0,0.0,4380.319301316646,5915229.3261453975,1746653.90401028,1683040.3685327524,914773.0187828382,578963.8463024095,733947.0955097089,257851.09300740942,2150.296163843295,3079.429406935759,2681.2352124988347,1222.6496275836746,1803.4873210702615,373.22591818273986
64,6,846.0090686526354,11543.199955089365,202.42617400704643,5130.672119323049,5617.139256398021,0.0,22493.437504817484,11745.626129096412,3868.92601148402,2796.433999250725,4229.941919903179,835.1622297925029,15.161968665978756,482690.3456758538,337873.3609659496,11745.626129096405,570.8056292981042,5624.950734665154,1353.5973100801104,902.3982067200737,89399.9206202702,12646512.770943424,2137.401257542424,308403.9175297904,0.030294022895314115,0.0035915350745823436,1000,0.02,24858.175716070607,861.8477077586376,-1464.7538383971614,2326.601546155799,15914.110618514656,2947.083333333334,2056.026116865269,3079.107939598627,23996.328008311888,162127.76139200854,74736.81361200681,122015.56221454983,13114.39118246908,5504.056842896178,40580.379770519496,324.6634588273377,135101.9345126452,56742.81249531099,40120.0,80240000.0,186124.08940032043,2634.6901606132133,2239.9199021519,14365.816395987014,3.79007246822431,11000.0,31279.486299781653,85010.14648697634,174016.92960864422,0.0,225.51602167865101,525.5305980438578,321301.8255463451,345298.153554657,-159174.06415433658,0.0,-159174.06415433658,141.46,0.0,0.0,4609.107926137733,6574337.446014584,1926730.5437507327,1865048.2029258546,1021207.2434119058,649259.3815914897,823086.7186333244,289005.35570127686,2219.220263985175,3185.2414680834722,2792.7681426869294,1278.5503823791876,1882.5911411813765,387.2547307802662
65,6,632.8517933719359,11736.69885133479,210.25354633140032,5264.481276368122,5914.855624155122,0.0,23126.289298189437,11946.95239766619,3791.4393512514544,2926.528548379541,4322.282431166646,888.057463062976,18.644603805578424,490384.4685613933,346687.85763734585,11946.952397666188,586.3009457481489,5738.611685305622,1412.5943782724114,941.7295855149409,92784.20834178847,13125254.112029398,2155.5315249573337,311019.9193108737,0.03021043272358994,0.003520703338403797,1000,0.02,25288.317195405943,898.7742174131445,-1483.370298858341,2382.1445162714854,16235.680180066665,2947.0833333333335,2073.466128739158,3133.3133358535842,24389.54297799274,158948.89592856637,70192.51344563192,114535.1799007462,12272.816082905336,5583.84034273071,40602.47190833554,337.9626811216615,140636.12880099102,59067.17409641622,41333.333333333336,82666666.66666667,183338.4389065591,2734.4279400061246,1864.5644966837644,13630.091163921403,3.955264259162752,11000.0,31733.747114654754,74021.03706368225,175253.2207526002,0.0,229.381486035191,531.5913350865636,311002.0166169294,335391.5595949221,-152053.120688363,0.0,-152053.120688363,141.46,0.0,0.0,4790.8739239885535,6164871.751698687,1797439.3847178023,1745265.4325542047,960626.7178666007,612633.7595752764,776511.7085196006,272394.7484652025,2248.123913123044,3230.944099086737,2846.214739859519,1306.628971873746,1921.4682331429499,393.57244058019273
66,6,595.5031053283315,11891.851491676687,218.1313015638362,5394.075384407993,6217.734225869242,0.0,23721.792403517757,12109.982793240524,3794.0852459049765,2954.337138545421,4403.502512007182,937.8676035031998,20.190293279747685,496529.52418149397,354747.94028795033,12109.98279324052,600.5036257587293,5836.2947512357305,1472.8561584649503,981.9041056433003,96165.74282891596,13603605.980578452,2170.011603236472,313109.238221708,0.030160799541004785,0.0034619538943981005,1000,0.02,25675.20895963773,951.0639898804266,-1489.2014294127007,2440.2654192931273,16512.04511019613,2947.0833333333335,2087.394921478053,3177.6216047498124,24724.14496975733,178911.00036435729,68917.42357799361,112405.51346250321,12014.54611500868,5650.933210196564,60494.220654197175,350.6922654228781,145933.28010606224,61291.97764454614,42546.666666666664,85093333.33333333,203635.1453341146,2834.0845792871773,1813.334516962946,13487.922784519074,4.1239972437018615,23000.0,32508.179452634693,72263.61756895269,176298.1823284036,0.0,232.51166963021817,536.5857750929657,322978.5426727271,347702.68764248444,-144067.54230836983,0.0,-144067.54230836983,141.46,0.0,0.0,4964.492628574585,6044947.478354918,1754267.701112152,1708054.1667839815,944670.4507215803,604176.3989138978,765558.2052640205,268220.55555928504,2270.5083847097117,3266.622423017824,2890.098192845131,1330.2643103364207,1953.8709601204519,398.61852221098343
67,6,560.626220749961,12013.362765455491,226.018722634629,5518.467917132915,6524.569219044673,0.0,24282.41862426771,12239.381488090121,3643.004024727433,3116.610449728111,4474.719570969779,983.4487320693555,21.59871059541666,501312.75461684394,362109.12546478416,12239.381488090099,613.509869327666,5920.134808225256,1533.9863861431254,1022.6575907620837,99529.233660236,14079405.393576985,2181.2827056337337,314735.53656972694,0.030065962780129213,0.003413259961694178,1000,0.02,25959.61011008342,951.8216274998231,-1521.5484945001917,2473.370122000015,16749.245399430896,2947.083333333333,2098.2369104648465,3213.2228393544415,25007.788482583517,197462.59986302725,75634.99030593423,123314.25602270651,13151.274030414443,5694.810729280718,71058.07691666656,362.90028364585015,151013.39255372237,63425.62487256339,43760.0,87520000.0,222470.38834561076,2933.2094569952055,1765.6310671154592,14905.17809510076,4.295161881200753,11000.0,34151.33702923838,70601.47550235466,177174.02042291636,0.0,234.9961245713298,539.3322850196233,313309.475145193,338317.2636277765,-115846.87528216577,0.0,-115846.87528216577,141.46,0.0,0.0,5130.963026415242,6626445.806973268,1915126.2908851167,1869233.7881439799,1038320.5558424004,665690.8766226611,843125.9248017608,294948.37067734904,2287.152743693286,3293.6559081925,2925.6977601306894,1349.913232512725,1980.435402201403,402.52644135949834
68,6,595.1071435200803,12172.49115494749,233.8793088496185,5634.745593719712,6836.409710270946,0.0,24877.525767787763,12406.370463797108,3580.7457676236368,3216.1649719797374,4553.651438846293,1029.1522977367258,26.65598761072168,507606.8002124976,370127.3049392268,12406.370463797111,627.6679676149554,6018.683082136648,1594.0228736421088,1062.6819157614061,102891.2119529692,14554990.842867024,2196.1138607203393,316875.5120722492,0.02999905802694355,0.00335760376181794,1000,0.02,26331.19635267395,985.0418216915964,-1538.2941643972817,2523.335986088878,17028.05817598101,2947.083333333333,2112.5034138149945,3258.509607853017,25346.15453098235,207570.1691366662,82799.00891117568,134933.00766464215,14352.756607366657,5760.262603102224,72437.07323950775,375.4492278555833,156235.37424808924,65618.85718419748,45213.333333333336,90426666.66666666,232916.32366764854,3032.2897589306303,1847.2739885457813,16461.206984666005,4.4632640461979065,11000.0,35898.888975594055,72713.17561699152,178236.51217947216,0.0,238.20231290490463,544.105868534257,319976.1189496854,345322.2734806678,-112405.94981301925,0.0,-112405.94981301925,141.46,0.0,0.0,5303.34003314671,7244585.709171014,2085530.203904719,2040229.3699160113,1138222.969303359,731385.1250711093,925858.4964204838,323359.5445553318,2310.11173493557,3329.934704861864,2970.7547774146724,1374.3062547301834,2013.6531963909192,407.60979546390774
69,6,733.9541363074756,12469.921672337116,241.74040612163245,5742.243875012174,7157.573950624406,0.0,25611.47990409533,12711.662078458749,3662.1983904364083,3258.2922521737173,4668.396114985869,1091.0023096585576,31.77301120415281,519459.9497857715,380832.1762309393,12711.662078458703,646.504359595333,6173.554571636545,1650.7947573260476,1100.529838217365,106313.4419290623,15039099.495285155,2224.044370106441,320905.5829271623,0.029969268344466532,0.003273474518068406,1000,0.02,26981.096313005084,1088.8802232363782,-1527.7326550391003,2616.6128782754786,17466.22059407411,2947.083333333333,2139.370552847749,3339.541609513509,25892.2160897687,198206.31384748511,90809.22859987526,147911.3294780316,15686.928624307491,5895.68870200618,53356.118106589514,389.7315491111055,162178.66468773896,68115.03916885036,46666.666666666664,93333333.33333333,224098.5299372538,3133.1457281844073,2126.1595492916895,18227.07896644459,4.622225320512934,23000.0,37896.23654369453,80649.78227692841,179992.06944395942,0.0,244.06391190640713,555.2344153915977,345828.3930611215,371720.6091508902,-147622.0792136364,0.0,-147622.0792136364,141.46,0.0,0.0,5504.565352917198,7933615.817550068,2272661.2415047963,2229637.3902315493,1250587.612174051,805826.5084927368,1019495.0901048466,355407.975042088,2356.2623139738753,3400.4742819870175,3050.531045208435,1415.9873702421064,2071.3176190775525,417.0894479697197
70,6,908.298457681383,12929.827048453895,249.72134377145048,5846.912450550668,7493.317519000629,0.0,26519.778361776644,13179.548392225346,3802.2743239754363,3330.7808919236745,4836.111479999299,1175.1607449800808,35.22095134683625,537828.4522033005,394882.8094674621,13179.548392225335,671.1801434489727,6396.031478584862,1704.8799474051584,1136.586631603439,109868.00682863864,15541928.245979223,2267.3275182697125,327150.87374912226,0.029943509698938924,0.0031596952395044875,1000,0.02,27928.64871014804,1242.2251586896646,-1505.2750628002163,2747.500221489881,18095.652259212293,2947.083333333333,2181.0058249941485,3462.682133918577,26686.42355145835,229979.74360054312,104844.9878071572,170684.7463594151,18048.029571621664,6106.843344328882,69258.80745869037,406.87983167695944,169314.56521865903,71112.11739183679,48120.0,96240000.0,256666.16715200146,3237.9017179123384,2475.9454975638578,21232.899983691103,4.773663852734444,11000.0,40818.38323369106,90779.29707551771,182568.29037451136,0.0,253.04732913072633,573.0654222873117,352943.6042981582,379630.02784961654,-122963.86069761508,0.0,-122963.86069761508,141.46,0.0,0.0,5755.3041077354665,9145669.112697072,2603435.908555398,2563334.9911112664,1447325.435502326,935991.981629455,1183583.7977897953,411996.99810883007,2429.423326089677,3510.8928450737353,3171.372158306886,1478.2764749293608,2157.9134862561355,431.67010156954143
71,6,832.7827282195466,13289.40361183263,257.96722761877504,5964.550603471363,7840.639647073426,0.0,27352.561089996194,13547.370839451405,3980.0946357935627,3301.090740178944,4977.852379627494,1248.8155121864556,39.51757166494017,552151.1983110558,407297.58851709985,13547.370839451392,693.0435763992945,6579.434883837404,1764.1016637532498,1176.0677758354998,113507.27227288726,16056738.735722633,2301.077332369706,332020.60742575896,0.029935863753049415,0.0030716421489010415,1000,0.02,28721.928160516218,1386.733333695678,-1479.6427809570055,2866.3761146526836,18614.53717335279,2947.083333333333,2213.4707161717265,3560.1036039626715,27335.19482682052,243990.45419298077,114529.09242944035,186364.43006328307,19653.297216123432,6274.585106352147,71803.63834105119,423.0716491080732,176052.45271027973,73942.03013831748,49573.333333333336,99146666.66666667,271325.6490198013,3345.1539032755486,2361.224879906047,23348.088267780302,4.939484658509099,11000.0,43182.94732685966,87098.68640231105,184656.23665825566,0.0,260.10952011746684,587.0009514553345,355844.3873946196,383179.5822214401,-111853.9332016388,0.0,-111853.9332016388,141.46,0.0,0.0,5992.803826918307,9976787.578791326,2825013.5662339833,2789563.8550069355,1584196.5535632581,1027759.8510192254,1298888.1850163562,451365.5679515686,2485.5421516350298,3595.3633743073024,3267.1208142087844,1528.8048943548758,2227.54747269567,442.99213224973283
72,6,620.4587995132487,13420.981825994766,266.3923823978303,6093.35827228174,8192.287408835096,0.0,27973.019889509436,13687.374208392597,3956.9898388341094,3334.0392701959527,5056.618111737574,1298.532612615403,41.19437500957437,557315.0409339915,415383.6361199024,13687.374208392606,707.398142875282,6670.635151029221,1830.6821408004507,1220.454760533634,117126.77052258246,16568752.958124517,2313.245301225297,333776.3139175571,0.0298865715304037,0.0030298009063397194,1000,0.02,29070.62858930025,1427.1157727410737,-1492.5128604730808,2919.6286332141544,18872.560969291873,2947.083333333334,2225.1754261170477,3598.693087816972,27643.51281655923,238687.46620164585,118483.72496526995,192740.54141992325,20289.464857074778,6329.366963789508,60984.35576409318,436.23606908550556,181530.55182285616,76242.83176559958,51026.666666666664,102053333.33333333,266330.9790182051,3451.823532942608,1987.0393757847933,24280.732478578448,5.125909994241263,23000.0,44650.28512896595,75467.30357619692,185611.18436530986,0.0,262.79758480113816,590.704269052619,359306.9962216266,386950.5090381858,-120619.53001998074,0.0,-120619.53001998074,141.46,0.0,0.0,6185.47849901372,10311735.677372094,2908742.553483946,2877950.8284064024,1641294.2930724472,1067431.8985751702,1348398.599111273,467917.5047228572,2503.5167320993437,3622.9694613258894,3305.5701885333683,1551.1258478821512,2257.1536127795243,447.0383657723252
73,7,820.3512351937997,13756.657577170647,274.79290821430953,6206.375497626094,8555.545141692197,0.0,28793.371124703248,14031.450485384956,4162.754532850361,3248.8722130495617,5185.191695492106,1384.8894185185418,49.74262547439126,570586.0573028938,427399.53444716544,14031.45048538495,728.6655191113875,6844.096138564538,1891.856934061458,1261.237956040972,120817.77177104459,17090881.994731966,2344.516841752424,338288.4594829839,0.029879942391180206,0.0029530319452461765,1000,0.02,29819.751988719658,1564.0664624821534,-1469.7389268353836,3033.805389317537,19363.31679522679,2947.083333333334,2255.2563965532263,3690.0290011240845,28255.685526237434,237308.11655609836,118537.3291064328,192705.41830559954,20210.57207359885,6485.302568406881,57787.918876976364,453.4995418000844,188714.38633435327,79260.04226042837,52480.0,104960000.0,265563.8020823358,3560.6004155691594,2381.4509188496268,24616.640371031986,5.297199415372083,11000.0,46070.02585974965,94872.12531282371,246534.02545674663,0.0,269.40384931939127,603.272422975705,429912.84180648124,458168.52733271866,-192604.72525038285,0.0,-192604.72525038285,141.46,0.0,0.0,6438.603582162277,10297282.242016831,2888053.605189342,2865904.7672865195,1644798.6781018681,1074198.70769705,1355638.166156614,468688.31758543715,2553.860223947865,3698.5198147485808,3395.465473939414,1600.8360885657416,2325.2662456282537,457.5026385550935
74,7,736.9615133755776,13995.088410668104,283.3436391151983,6324.714469138573,8927.186119156944,0.0,29530.33263807882,14278.432049783303,4253.102668090871,3224.1798388119128,5284.870710409338,1458.7909426953079,57.48788977591566,579963.6018930872,437626.28880326526,14278.432049783347,746.8315437185594,6978.760882685051,1956.9809229849652,1304.6539486566435,124534.897782088,17616706.64025417,2366.613888244232,341476.8246436497,0.029849329783474307,0.002896140537831601,1000,0.02,30374.376231724997,1650.1545464326318,-1467.2930008832554,3117.4475473158873,19744.310289292545,2947.083333333334,2276.512164290998,3756.3158983754765,28724.221685292356,221795.15703742713,106489.84475589101,173026.04884534798,18088.910412759516,6591.850212794118,52900.760124693144,469.214064282827,195253.65747693687,82006.53614031349,53693.333333333336,107386666.66666667,250519.37872271947,3670.147216719619,2249.288778887183,22331.89975100534,5.479546584357903,11000.0,46021.392406923005,90429.34689855663,193571.05540180625,0.0,274.14589535584025,611.3689292346438,370164.1248250729,398888.34651036526,-148368.9677876458,0.0,-148368.9677876458,141.46,0.0,0.0,6670.013794216665,9236069.862972308,2577886.963121432,2564202.988419339,1479749.6638459158,969950.0723472802,1222938.5652214712,421341.61001686973,2588.182405416583,3749.8658488962315,3460.8519486206333,1638.486337673076,2376.1884577940723,464.85705138275335
75,7,733.9452154720135,14225.06695076245,291.9573403483245,6440.409672733307,9306.843889706732,0.0,30264.27785355081,14517.024291110774,4253.0555262669195,3286.253660400282,5381.0039083590855,1531.786024714267,64.92517137021902,588996.5433653732,447714.35506136075,14517.024291110767,764.7756043662997,7110.286909955827,2022.9320897273167,1348.6213931515445,128273.63120916496,18145587.870848477,2387.898919283126,344548.02474422683,0.02979587866902869,0.0028427243678114072,1000,0.02,30889.71214438269,1708.7682799048898,-1479.8656646509862,3188.633944555876,20116.423725647026,2947.083333333333,2296.986831628179,3820.4499738692666,29180.943864477806,229057.5520097587,110591.79378646564,179599.99728452225,18720.204258390397,6689.9255728340395,54675.66050956911,484.73719431838595,201713.2846400008,84719.57954880034,54906.666666666664,109813333.33333333,258238.4958742365,3780.3308064267662,2265.726984229749,23401.864927360828,5.664209851236487,23000.0,47774.66551476943,90667.496128678,195027.71414357107,0.0,278.72686638932686,618.5982411776647,386820.7878224541,416001.7316869319,-157763.2358126954,0.0,-157763.2358126954,141.46,0.0,0.0,6900.287703683268,9577615.0617663,2660922.4500170476,2652588.5412450386,1538921.2850178613,1012317.0285220201,1275105.337229844,437760.4197344874,2621.0409645998634,3798.7031950541027,3524.171811901049,1675.3838926796782,2425.832661135947,471.89176574013055
76,7,925.4935576791441,14642.171377621218,300.62292644202546,6546.259898814664,9700.717208352104,0.0,31189.771411230013,14942.794304063244,4338.1507711164495,3372.4513056366063,5526.910224384929,1628.8385739370306,76.44342898818958,605484.3425492757,461612.9478910014,14942.794304063214,789.4093599153031,7319.01203159535,2084.560239133865,1389.7068260892431,132118.37617553718,18689465.49379149,2426.7504183733345,350153.8764667538,0.02975347115509881,0.0027617756691307753,1000,0.02,31749.848450798883,1828.4061852363552,-1476.3903894166833,3304.7965746530385,20706.948839789566,2947.0833333333335,2334.3591764450252,3933.0509159946296,29921.442265562553,249511.02821036347,121615.32492812985,197380.1116402219,20498.3554528299,6875.654353733603,62568.366850630504,503.2758926331553,209427.77771759612,87959.66664139037,56120.0,112240000.0,279432.470475926,3893.6386445398944,2647.856224043317,26022.037998750373,5.8367686695748215,11000.0,50567.12562933471,102685.39263740304,197424.28107582324,0.0,286.90165063801356,633.4489800956123,395166.5196092978,425087.96187486034,-145655.49139893433,0.0,-145655.49139893433,141.46,0.0,0.0,7174.711421888641,10513419.293480095,2905069.805292315,2903321.840603109,1695320.249617553,1119762.1705561576,1408574.2660574396,481370.9613535214,2684.1992927893675,3891.694128496433,3634.9095978556797,1737.228231865115,2510.064294958209,484.69875809840556
77,7,690.1448445697822,14803.201396545792,309.50382708989457,6666.894739374796,10100.316292789292,0.0,31879.916255799773,15112.705223635687,4220.955840467344,3508.592700692922,5605.933483027669,1691.4038209777584,85.8193784699688,611748.0384602409,470550.73828838306,15112.705223635661,805.3901417722564,7423.87178787541,2155.034143338754,1436.6894288925025,135950.52439118136,19231561.180376515,2441.510058108867,352283.53307648195,0.029675607443865843,0.0027229849988251687,1000,0.02,32117.87363576836,1839.0915116494389,-1510.400157299112,3349.491668948551,21003.618062257112,2947.0833333333335,2348.5568871765463,3979.523841351979,30278.78212411897,242011.1453664218,113283.51833311765,183775.3296274289,19034.71899863118,6936.40438953794,62100.69563394301,518.102164840488,215597.42201343595,90550.9172456431,57333.333333333336,114666666.66666667,272289.9274905408,4006.575245911774,2233.1654501280905,24436.816014977063,6.034095601348511,11000.0,50927.95799868662,88951.88353560446,198550.0406271268,0.0,290.1639402938048,637.253576624978,381039.8904849549,411318.6726090739,-139028.74511853314,0.0,-139028.74511853314,141.46,0.0,0.0,7400.252974103292,9780524.774158677,2692338.4050521697,2695189.6704345495,1581120.0601781677,1047403.5373801377,1316211.598094219,448261.5030194351,2705.5804952245658,3923.024906241805,3681.0730898232105,1765.895847226437,2547.680638114919,489.45024700473226
78,7,647.8520147767036,14923.040461011198,318.37349187242006,6782.2635393309165,10504.090778361913,0.0,32527.768270576446,15241.413952883619,4198.967986865682,3526.4129762102166,5673.98680430691,1751.521921355211,90.52426414561977,616367.4633407693,478575.12900823355,15241.41395288364,819.785511986245,7510.967080183787,2226.4896302072298,1484.3264201381533,139750.67542101978,19769130.54505746,2452.39517258299,353854.1375358616,0.029628210111552495,0.002691541414067102,1000,0.02,32441.18918620423,1869.750339825065,-1528.6068884931751,3398.3572283182402,21250.028063255973,2947.083333333334,2359.0275835724105,4015.2998662174714,30571.43884637919,270590.0573385616,110434.72800542842,179090.61604786685,18510.515549035725,6984.362927922189,92222.46852113043,532.0808775887749,221414.37209802956,92994.03628117242,58546.666666666664,117093333.33333333,301161.49618494074,4118.568863553638,2174.359275454195,23964.333129278388,6.234170964580244,23000.0,51827.08598353073,86725.10819337117,199468.83659851618,0.0,292.6351478953659,640.0331087956014,392217.19447135984,422788.633317739,-121627.13713279826,0.0,-121627.13713279826,141.46,0.0,0.0,7617.8172194655035,9524551.113794234,2612846.6467319094,2619361.796605448,1543233.1467680228,1025083.9136944545,1287018.7415920314,437006.8684023669,2720.2577109306467,3944.207587173097,3716.7392780594178,1789.3668029887513,2577.9420992170053,492.9004745147148
79,7,608.1012772523143,15006.507427721022,327.18921991619214,6891.507935740932,10910.664964450632,0.0,33135.86954782878,15333.696647637214,4020.930170741436,3679.7593503997864,5732.588060331433,1807.5445506434164,92.87451552115189,619533.2683654507,485751.05332381575,15333.69664763722,832.7082446120326,7582.567507261685,2298.4756633879197,1532.3171089252796,143502.4501559683,20299856.599063277,2459.855008165914,354930.51124425326,0.02954382096194132,0.0026663576742219103,1000,0.02,32654.322112028443,1846.834155793028,-1572.742662288977,3419.576818082005,21452.59999154476,2947.083333333334,2366.2034082950217,4041.6012230623132,30807.487956235433,297417.2018378172,120438.49319100117,195256.92746779244,20146.494585809385,7008.0668000241,107818.51295666891,545.2947343300406,226913.04328993408,95303.47818177231,59760.0,119520000.0,328224.6897940526,4229.1367914715165,2119.0634493516445,26256.18094094853,6.435731857486175,11000.0,54098.78650348769,84594.66554676867,200203.41400664233,0.0,294.4069756346347,640.5517754216808,383442.64172158414,414250.12967781955,-86025.43988376693,0.0,-86025.43988376693,141.46,0.0,0.0,7828.826187710882,10378145.020313531,2837775.1138714952,2848641.4307662053,1685060.4361588778,1122227.214938138,1407773.388260653,476667.43631816324,2729.014115781832,3956.599312880618,3743.2286616301476,1808.136651070673,2601.5328684726724,495.1850378012791
80,7,643.7578635742309,15130.986373496942,335.9127266007577,6991.441742029822,11321.286569275488,0.0,33779.62741140301,15466.8991000977,3940.6941081541686,3763.7113696484244,5798.448093125214,1859.3732288863146,104.67230028357154,624325.8658521299,493656.7590957341,15466.899100097708,846.9237881786662,7670.159179671177,2368.5770300256804,1579.0513533504536,147224.98095226337,20826445.80550718,2471.1481828835713,356559.9943897242,0.029483380739585625,0.002636072571763597,1000,0.02,32961.90739157924,1858.887355786272,-1600.6950594876066,3459.5824152738787,21700.414351125695,2947.083333333333,2377.066629264828,4078.4557220690936,31103.02003579295,310961.0073986439,131025.37083358412,212335.71363176417,21856.34298128605,7054.784834269766,109249.7108821857,558.9201594846988,232582.98010265856,97684.85164311659,61213.333333333336,122426666.66666666,342064.02743443684,4338.842876147329,2204.3408699544175,28777.719872668164,6.632015684071905,11000.0,56522.11678920062,87148.64071911236,201140.18583421604,0.0,296.9644627218757,643.158630870075,392078.60207057494,423181.6221063679,-81117.59467193106,0.0,-81117.59467193106,141.46,0.0,0.0,8043.833398634988,11277750.259350609,3073919.581766954,3089477.41743224,1835016.1480205413,1225524.860449882,1535667.3696965093,518144.8819844811,2744.3264787687713,3978.2935082650315,3780.0559238327096,1832.6077353250791,2632.908267669932,498.7071862361889
81,7,791.7831534672478,15404.79485898688,344.5751122307363,7081.072239092524,11740.968354560056,0.0,34571.410564870195,15749.369971217615,4016.033587131439,3783.0680436614007,5899.655318242994,1932.7369589081486,117.87606327367486,635046.398179949,504623.7852373134,15749.369971217657,866.5299553352958,7819.159629647485,2434.1109043195215,1622.740602879681,150987.28907471162,21358661.912508707,2496.409817097764,360204.9753811827,0.02945752437487226,0.0025859089552528287,1000,0.02,33571.86220732915,1947.4709656176406,-1600.7764783673588,3548.2474439849993,22121.96642419867,2947.083333333333,2401.366502541218,4153.974981638238,31624.39124171146,294583.28934407275,142571.1812882788,230939.73185834725,23705.425649731253,7176.392605839055,79646.95759197613,574.6202256943833,239116.23556838385,100428.81893872122,62666.666666666664,125333333.33333333,326207.6805857842,4449.721231772647,2501.9411508605144,31576.719705560205,6.815510532094661,23000.0,59209.61253716024,96893.21975568155,202824.00868338483,0.0,302.3879034473791,652.2740647455399,421416.70054314495,453041.0917848564,-126833.4111990722,0.0,-126833.4111990722,141.46,0.0,0.0,8285.251980693158,12255407.364708133,3327597.244295069,3349262.9833536563,1999371.4103518208,1339651.1971511643,1676370.8392471573,563153.6903092659,2783.4893747050305,4034.211541720726,3854.663300591922,1877.657304112465,2692.5620242406435,506.78642584687043
82,7,976.6083536091954,15852.473018257173,353.30646958650254,7166.490261887081,12175.74916874867,0.0,35548.01891847943,16205.779487843676,4152.0226627106,3832.723812739087,6054.829061602795,2036.1250751053808,130.0788756858181,652653.6070339143,519368.53925524856,16205.779487843689,892.8035963593807,8041.29390635702,2495.7277603407156,1663.8185068938105,154869.03671383427,21907773.933538996,2537.8990693103215,366191.4263915309,0.029436909878481486,0.002514528708066089,1000,0.02,34500.71029589853,2087.276295705518,-1590.5618995268078,3677.8381952323257,22750.42871986529,2947.0833333333335,2441.2761759435393,4274.6457710507675,32413.434000192927,339743.91549929476,162997.17593253046,263899.6178446962,27010.548915650812,7378.0576427303595,102567.60465420033,593.8009741280088,247097.9044267857,103781.11985925,64120.0,128240000.0,372157.34949948767,4564.11956948729,2873.1660217313947,36399.54788112085,6.988037728954004,11000.0,63148.18120582867,109292.491739928,205384.86303772163,0.0,311.1509661665987,668.1413269099644,433648.6497866233,466062.0837868162,-93904.73428732855,0.0,-93904.73428732855,141.46,0.0,0.0,8579.109187303677,13991667.27951485,3781725.6774177165,3812771.2721304246,2290044.7745646965,1540044.16428234,1924011.741708589,643069.6494110815,2850.167613978597,4129.421237045317,3973.4564826523247,1947.1161169922946,2785.5080489415905,520.1099882335603
83,7,892.4927758728588,16191.146611753738,362.2633322750966,7264.953551237427,12622.1481990861,0.0,36440.51169435236,16553.409944028834,4330.488996176071,3773.3595959473314,6181.847776032025,2122.5457567585217,145.1678191148753,665918.6001008808,532152.2835659966,16553.409944028823,915.6639035151006,8220.07075048508,2562.912006044672,1708.6080040297813,158817.58745424484,22466335.92127748,2569.1564166569606,370701.52403429954,0.02943037493352673,0.0024598572367549227,1000,0.02,35259.675303257885,2217.755847204125,-1575.9339114329605,3793.6897586370856,23256.22416727239,2947.0833333333335,2471.343493561997,4367.268461885981,33041.9194560537,358017.3533592701,176621.6485418812,285827.1998651142,29173.93536100102,7532.9224025625435,105460.09856714157,611.5946671472744,254502.37907173004,106890.99921012661,65573.33333333333,131146666.66666667,391059.2728153238,4680.486650266142,2744.3269861953595,39700.604805640185,7.176153616925082,11000.0,66285.34132851489,104672.74931128795,207413.84796106562,0.0,317.82547092535344,679.9871100084125,437502.34577752085,470544.26523357455,-79484.99241825077,0.0,-79484.99241825077,141.46,0.0,0.0,8860.262619960282,15141451.960936595,4076624.6068182816,4115270.14072643,2485156.041902004,1676893.0593121117,2091754.0647621735,695754.0474155925,2899.14623886267,4198.229907171388,4064.526634808026,2002.599406839482,2858.861973195988,530.0457831512645
84,7,662.951154599039,16285.204710238131,371.35384852096803,7375.05165343197,13071.852636760308,0.0,37103.46284895137,16656.558558759098,4293.937178702641,3787.674985358287,6243.502621532942,2180.7992637618427,150.64450940336724,669478.0692610545,539928.7909512753,16656.558558759094,929.736095309039,8298.236544073166,2638.426528556959,1758.9510190379729,162718.44645072316,23018151.4349193,2577.5438740304785,371911.7435487585,0.029384915744152553,0.002436800575792937,1000,0.02,35538.3186877394,2237.8792367387928,-1598.489402275431,3836.368639014224,23477.370830491807,2947.083333333333,2479.41162365839,4396.573663517033,33300.439451000566,348124.93207565905,181715.19174563908,293988.6369170137,29956.626834610786,7568.260554079113,88951.70882963379,625.2250429016036,260174.37597336923,109273.23790881508,67026.66666666667,134053333.33333333,381425.37152665964,4795.448215608188,2339.563521476763,41030.06369419153,7.387594279959487,23000.0,68173.86986470493,90291.3693398899,208226.07512476316,0.0,319.8059243281744,681.4677546452263,438865.05103388784,472165.49048488843,-90740.11895822879,0.0,-90740.11895822879,141.46,0.0,0.0,9096.070742185311,15565234.665090062,4178237.1882057227,4221788.2988849785,2559959.951662514,1731949.9973766753,2158023.7074686266,715275.5214915415,2909.1243475773153,4210.538658666088,4093.480718398929,2024.699457174116,2886.21174384748,532.5036330951606
85,8,855.7061216821432,16578.17795536497,380.3605680982492,7468.459905870805,13532.17054129941,0.0,37959.16897063344,16958.53852346322,4483.485529801316,3680.5625693490038,6352.025439590729,2276.165871215801,166.2991135063633,680853.2610927862,551756.5139576487,16958.53852346323,951.0059668802319,8501.072048961838,2707.4578382977784,1804.9718921985188,166707.0887691888,23582384.777289446,2604.348133966695,375779.3087715473,0.02437764458184953,0.0023909297110780645,1000,0.02,30048.123004293,-3932.774884359349,-5060.216747823568,1127.4418634642188,24051.233040922838,2947.083333333334,2505.195391810315,4477.386122585865,33980.897888652355,336505.1430606034,180102.74950073808,291231.1931561542,29583.709571692936,7701.477102363443,83510.27765392279,643.4136879384171,267743.20167218056,112452.14470231583,68480.0,136960000.0,370486.04094925575,4912.9968286019675,2721.8313942309683,41091.04407324439,7.58088194723378,11000.0,69725.58142845408,111026.11510900836,270296.35580372723,0.0,325.6039396504937,573.5126426557039,511680.6221015204,545661.5199901728,-175175.47904091707,0.0,-175175.47904091707,141.46,0.0,0.0,9387.467978968092,15404378.080083724,4116557.9722738396,4165109.987945555,2540186.359737697,1725894.373787769,2147875.199749122,708754.1865897414,2949.236061624821,4265.7405734606755,4172.540324206162,2076.2381709372353,2953.803646575568,540.9797466587671
86,8,766.824907325567,16770.637669040294,389.4544951934295,7566.316102617065,13999.585611108274,0.0,38725.99387795906,17160.092164233723,4552.991448047801,3641.0047444038228,6429.8636940050455,2355.8255261334048,180.4067516436643,688250.3289922873,561551.5103170737,17160.092164233738,968.7111989147204,8619.899213495164,2781.109805130382,1854.073203420255,170691.8049741332,24146062.731640887,2621.77842733467,378294.31185737776,0.024348577199367154,0.002358040483411265,1000,0.02,30430.896568335036,-3957.7685396552815,-5106.839245120655,1149.0707054653733,24387.41885482052,2947.0833333333335,2521.962079049185,4532.200840787114,34388.66510799015,310533.8040145698,160541.33902660225,259483.10982085604,26286.50004441413,7784.1475418793725,75813.25195154296,659.500700866982,274437.4769535109,115263.74032047456,69693.33333333333,139386666.66666666,344922.46912255994,5030.429735758518,2580.4058948910706,36910.19331669768,7.787107454365071,11000.0,69181.29528755041,105654.65817687413,217145.57974332978,0.0,329.4737695532878,577.7901993165091,448417.61323142576,482806.2783394159,-137883.80921685597,0.0,-137883.80921685597,141.46,0.0,0.0,9654.874705691904,13713451.180980965,3650556.0693654674,3697422.4195805844,2266450.8540760432,1545873.182704897,1921652.5443164776,631496.1109374969,2973.5183473198235,4297.758280279773,4226.010042610913,2114.0482020174168,3002.383739425029,546.3735525807834
87,8,761.7816880997718,16954.964118116313,398.5462650292823,7660.531328377991,14473.733854535207,0.0,39487.77556605879,17353.510383145596,4526.177157684996,3695.361155936165,6503.629169596503,2434.826552812501,193.51634711547518,695318.6540333634,571156.0672598842,17353.510383145644,986.1007554229712,8735.335521985831,2855.0620376022293,1903.3746917348194,174668.703766782,24708634.834848985,2638.4340780276248,380697.5423713436,0.02429907035310362,0.0023269973602978427,1000,0.02,30774.15835313193,-4009.822639454858,-5167.230134738519,1157.4074952836613,24714.011258802315,2947.083333333333,2537.9836158089574,4584.902784642154,34783.98099258676,318758.5302475959,165499.20411651745,267383.53300132114,27016.939644433758,7858.293848848326,77828.98115689361,675.207098124678,280973.3669529683,118008.81412024668,70906.66666666667,141813333.33333334,353542.5112401827,5147.632257260205,2593.9293899663417,38320.41482285455,7.994173705286243,23000.0,71305.8928745783,105874.54297955985,218414.50017644008,0.0,333.1873993563963,581.2756356160359,465579.369709337,500363.3507019238,-146820.8394617411,0.0,-146820.8394617411,141.46,0.0,0.0,9919.90665012342,14119614.66241276,3744604.0303475833,3796162.5412573065,2338660.9932875703,1601297.1874495011,1988227.3456603577,650662.5644104416,2996.424006497104,4327.408413177068,4277.364598861185,2151.1217761792946,3049.717984028113,551.4736044028749
88,8,957.9920334969946,17333.311971652234,407.6259056393468,7743.403985190383,14961.425737073818,0.0,40445.76759955578,17740.93787729158,4584.492157568421,3773.939850365697,6626.03069263257,2540.1088615763833,216.36631514850973,710024.9429207167,584924.5374651726,17740.937877291584,1010.8788938784512,8932.092796960806,2923.3213543453303,1948.8809028968872,178728.59430650057,25282946.950597573,2673.0876641705936,385697.6805930436,0.024260122733476726,0.0022758288087463573,1000,0.02,31415.633327813586,-4061.399010094056,-5253.14831411685,1191.7493040227941,25270.676941161517,2947.083333333333,2571.317870620291,4687.954192792509,35477.03233790765,345549.1794468089,180381.74468319755,291266.82759746,29330.37118697363,8021.928797121339,88392.37071230679,694.534264277254,289015.96449471684,121386.70508778107,72120.0,144240000.0,381026.2117847165,5267.280614707828,2985.6582899561135,42170.06534699558,8.185299792166926,11000.0,74816.70647636114,120126.16154704004,220656.40343927566,0.0,340.62600724399846,590.9357571050554,477962.0227784776,513439.0551163852,-132412.8433316687,0.0,-132412.8433316687,141.46,0.0,0.0,10226.405038183317,15365191.146447087,4056906.447998646,4116704.017559918,2551705.9408273115,1755427.1992667087,2176162.620667233,708284.9201272685,3049.206893351467,4398.84924589454,4377.86655909587,2216.939575185791,3135.75085963243,562.3247441314869
89,8,712.3059770099088,17446.72292335527,416.8639263619591,7841.090087167299,15453.396639681252,0.0,41158.07357656578,17863.58684971723,4436.616341891495,3907.397574762544,6682.116129851478,2601.452955028353,236.00384818328686,714278.4487715524,589529.8936755018,17863.586849717154,1019.6188518297495,8993.873517087839,3001.159335861969,2000.772890574646,182720.53559715181,25847646.9655731,2683.110534830935,387143.8725823278,0.02418683305908436,0.0022603654520280923,1000,0.02,31534.99471980839,-4159.316144005574,-5325.298897038589,1165.9827530330153,25445.466954544918,2947.0833333333335,2580.959150548852,4720.801425386726,35694.31086381383,332196.09736941464,167055.30616640075,269633.7121248415,27080.966563485126,8057.553817556822,87200.10327896345,709.1169171657274,295084.23168645805,123935.37730831238,73333.33333333333,146666666.66666666,367890.4082332285,5384.926451161063,2552.508264765305,39351.730870287276,8.403246140413513,11000.0,74983.55644036618,103683.53310943677,221582.07203122092,0.0,342.9808675145694,591.5190547073195,459481.2303355998,495175.54119941365,-127285.13296618516,0.0,-127285.13296618516,141.46,0.0,0.0,10487.679298318892,14213217.958728785,3741107.1419595806,3798312.292093419,2364807.1386497896,1632529.898848203,2021321.1716631765,655140.3155146166,3060.818696184761,4411.736118303177,4411.247502062266,2244.7122154152758,3169.890295941446,565.1820218102307
90,8,667.2101442348952,17518.278221638728,426.0271276425058,7932.980766363116,15947.997605156292,0.0,41825.28372080064,17944.305349281232,4393.421897297131,3913.3563409027324,6728.270246755785,2661.0514573162554,248.20540700930346,716880.4235429438,593062.3018710609,17944.30534928122,1026.4656825872253,9036.613664247883,3079.1404833713905,2052.7603222475936,186625.2484557808,26400007.646554753,2689.2417728049004,388028.54400460084,0.024141022241643748,0.0022497802966171014,1000,0.02,31623.356469498915,-4219.66396072247,-5371.014445791164,1151.3504850686936,25566.38737889012,2947.0833333333335,2586.8569600306723,4742.692757967112,35843.02043022124,370380.8509471258,162027.4206329801,261431.86093693125,26203.51924161038,8080.983974546366,129222.95541917713,722.4882144778425,300648.41849188233,126272.33576659058,74546.66666666667,149093333.33333334,406223.87137734704,5500.001593032241,2489.0972784585756,38379.10969039154,8.621593353439893,23000.0,75965.41786791227,100984.04989067122,222296.0336471628,0.0,344.53066270619917,591.4586981087448,469558.320921797,505401.34135201824,-99177.4699746712,0.0,-99177.4699746712,141.46,0.0,0.0,10741.97305306777,13772292.834674127,3614986.829595352,3671709.1606407813,2295404.0223860876,1589797.951453168,1965926.5348006538,634468.3357980853,3065.930688294269,4415.150774417593,4433.8588430097,2266.6175932595015,3195.9743492651287,566.7731010350283
91,8,624.6483360534711,17552.728208087126,435.07326490962583,8018.369606825179,16443.76097703216,0.0,42449.932056854086,17987.80147299675,4197.175732418112,4051.7726604771224,6766.217938758828,2718.8601240606945,253.77501728204675,718017.5661123646,595612.5212329002,17987.801472996794,1031.5781194996043,9062.76310422937,3156.7849240978644,2104.5232827319096,190426.70335318038,26937761.456340898,2691.9213113538917,388415.172478204,0.024064322921274132,0.002243465159426379,1000,0.02,31611.618620978,-4320.113468153175,-5433.404861556955,1113.2913934037801,25640.369374485737,2947.0833333333326,2589.4344831880267,4754.8448981241,35931.7320891312,406676.8147846912,175886.1977242414,283722.44312625274,28393.96132666056,8080.475769138698,150535.52508189765,734.7296775666067,305742.44832366804,128411.82829594058,75760.0,151520000.0,442608.5468738224,5612.033636737688,2429.0973834045444,41818.7612647184,8.838997787474021,11000.0,78919.23571915235,98380.52501988909,222820.7240587609,0.0,345.36578828153864,589.4973202568083,461924.07918898884,497855.81127812003,-55247.26440429763,0.0,-55247.26440429763,141.46,0.0,0.0,10991.125616259293,14939043.092205066,3910760.398823831,3973667.6250724564,2493893.5585105065,1732602.0836424662,2140075.5720483805,688043.8541074258,3065.2982206185748,4410.35708582425,4447.009805903183,2283.1829178557623,3214.7228048580087,567.2306379370092
92,8,659.7323304946314,17629.674476666405,443.9645187842701,8093.956742768048,16942.06864913006,0.0,43109.66438734878,18073.638995450674,4102.856204047309,4117.723504670449,6810.539843237677,2768.7326766298906,273.78676686532555,720820.6959794771,598888.1919791558,18073.638995450663,1037.9812976160085,9105.22094426328,3231.355383171968,2154.2369221146455,194146.331992157,27463940.12361053,2698.526546914268,389368.2366330222,0.024008577552402217,0.002233131382400534,1000,0.02,31684.333183149323,-4396.934563180537,-5488.302057532139,1091.3674943516016,25760.49109550967,2947.0833333333335,2595.788244220148,4777.905073266668,36081.26774632982,423926.1109504852,190440.75444969573,307087.0678138414,30661.93437627008,8103.364723244239,151818.24947613344,747.3435312589858,310991.4407469459,130616.40511371728,77213.33333333333,154426666.66666666,460007.37869681505,5721.6541924188605,2513.7947430355316,45580.693245895076,9.047795072881511,11000.0,82062.62166152288,101348.93406087547,223553.67726733224,0.0,347.01386871265254,589.30801138964,472726.7448462552,508808.01259258506,-48800.633895770006,0.0,-48800.633895770006,141.46,0.0,0.0,11240.972199997674,16158871.904785663,4217822.47395892,4287271.218802935,2701735.541376471,1883479.0957033455,2323994.8348840326,744568.740059959,3071.1150066262276,4414.31279585821,4470.776807378248,2306.3169885447282,3242.192033411791,568.9253636314644
93,8,809.5217793377608,17859.605444727367,452.7344721096429,8158.493221529365,17448.353028320184,0.0,43919.18616668656,18312.33991683701,4168.22606753028,4115.432210271526,6887.448805220076,2845.1196990626,296.11313475250404,729625.0506480506,605328.8202077629,18312.339916836972,1050.0097144885312,9210.622726176935,3299.815067449995,2199.8767116333297,197857.26293925053,27988888.415386382,2719.2729408738646,392361.71722033725,0.023985233280231173,0.0022076293403636596,1000,0.02,32019.180010824282,-4442.9293287091805,-5546.840855082284,1103.9115263731037,26058.693816899784,2947.083333333334,2615.744781468915,4840.5874078313755,36462.1093395334,398939.1696678116,205976.40710675303,331996.858528303,33061.33103362512,8202.377852116084,109774.45192062034,762.1954503645699,317171.75746517826,133212.13813537487,78666.66666666667,157333333.33333334,435401.279007345,5831.018419872163,2815.190876775454,49664.01301119613,9.239482188859986,23000.0,85446.96919974363,112828.1336746891,225050.72271987432,0.0,351.5969264032701,594.4458579780834,505591.3301687211,542053.4395082545,-106652.16050090955,0.0,-106652.16050090955,141.46,0.0,0.0,11510.584226719611,17456235.03790572,4540629.364658964,4617027.527220725,2924271.1984630944,2047359.805216611,2522581.8263829565,804365.3159633679,3100.1182278810043,4450.04003011599,4533.062041468279,2352.974731396498,3301.038645390479,575.1062405847372
94,8,995.5937695767437,18266.224657294708,461.5177041986478,8217.941443871983,17969.09613089785,0.0,44914.77993626319,18727.742361493354,4293.410262845212,4141.357732398061,7016.820218873697,2955.7614141592244,320.3927332171749,745345.3660905078,615589.5819688753,18727.742361493394,1068.8454576128254,9390.05184153956,3362.873009726243,2241.9153398174954,201642.52643124637,28524351.78896411,2756.3159576099433,397706.6244707727,0.023967504546568232,0.002165484351427457,1000,0.02,32618.214555196864,-4495.727899468607,-5632.904315784726,1137.17641631612,26566.33467008372,2947.083333333333,2651.377496471818,4949.146954776555,37113.942454665426,459103.33486882114,233760.4198494043,376608.1187023029,37397.42561625375,8381.615830887737,140556.03728297114,780.9898050265068,324992.6366054292,136496.90737428024,80120.0,160240000.0,496217.2773234866,5942.573289367523,3189.291871804872,56793.27113035965,9.416044427233482,11000.0,90449.50554952315,127392.7959901396,227437.83893658975,0.0,359.5726533406726,604.8885340082956,523179.1539995608,560293.0964542262,-64075.819130739605,0.0,-64075.819130739605,141.46,0.0,0.0,11832.179803366977,19785229.73194109,5125879.347141545,5213561.530047434,3322332.2053070026,2338001.481336479,2874850.2303049653,910604.9378036635,3155.6195929034416,4521.754117573412,4639.913492536161,2427.4049401440056,3396.6419647549706,586.4082535813819
95,8,907.3540612744893,18560.99959324162,470.47458498578845,8290.126426739089,18500.53339257121,0.0,45822.13399753771,19031.47417822741,4463.869827644756,4056.911342079742,7117.838417304196,3042.3420317466366,350.51255945210363,756662.2299258603,623626.9626108026,19031.474178227436,1083.7568239970062,9523.65651856365,3431.1484627604723,2287.432308506982,205447.6021785427,29062617.80417665,2782.982774696876,401554.3581747925,0.023960733445915386,0.0021351201974690926,1000,0.02,33072.74142064876,-4524.507740059522,-5690.921367506987,1166.4136274474645,26944.32902232028,2947.083333333334,2677.029054498617,5028.8077505561105,37597.24916070834,481719.45262073283,251757.1865085085,405414.44698548224,40141.21532103863,8513.140997184666,143602.37510475493,797.9244170109986,332039.62257542287,139456.6414816776,81573.33333333333,163146666.66666666,519316.70178144117,6054.712042536802,3053.2690332839366,61638.02191154816,9.607215695729325,11000.0,94381.03885668624,121847.81551207221,229277.9507222486,0.0,365.40430422196675,612.1681183690938,528239.9877166627,565837.2368773711,-46520.535095929925,0.0,-46520.535095929925,141.46,0.0,0.0,12143.418948059609,21281353.838244963,5494361.56596887,5588575.4504932435,3580714.6840666113,2531812.7350551244,3107489.667734502,978399.7349266144,3193.811161913584,4568.689854432343,4718.195363390872,2485.880278888802,3470.527204334901,594.3703152669362
96,8,672.3093232186316,18607.11217609609,479.51213805513754,8374.052388653312,19033.766617951824,0.0,46494.44332075636,19086.624314151228,4416.153550890656,4052.9691092771654,7155.6485660370645,3099.594259457571,362.2588284887435,758229.6974742893,626374.8143694622,19086.62431415121,1089.2735092112464,9553.850065856519,3507.7776106236975,2338.518407082465,209155.156226693,29587088.399827994,2786.676321867876,402087.2971412584,0.023917935586956644,0.002128465787973615,1000,0.02,33116.8815276884,-4584.510848748558,-5732.703133871123,1148.192285122565,27029.752606321264,2947.0833333333335,2680.5819809417226,5043.974455840614,37701.39237643693,466157.11677902384,257936.60147134325,415252.8253297307,41045.432766062855,8524.912151979494,120443.85257166537,809.5947661175223,336895.99522180617,141496.3179931586,83026.66666666667,166053333.33333334,503858.50915546075,6163.976749964165,2638.605547577159,63420.8512756628,9.821777309746352,23000.0,96682.90129072215,104804.31411640087,229880.02721138214,0.0,366.46318683170307,611.1448097224594,527578.1059655731,565279.4983420101,-61420.98918654933,0.0,-61420.98918654933,141.46,0.0,0.0,12414.201735151813,21786554.9495685,5610669.683002229,5706441.927038274,3671056.839043149,2604811.577553924,3192781.2301769755,1000793.6927539476,3194.3788505721354,4563.653341295014,4733.501857745243,2506.390499867395,3493.6627464218777,595.0370182495467
97,9,842.4931650143452,18831.31773403469,488.4106433425114,8441.287256450774,19575.920851942734,0.0,47336.93648577071,19319.7283773772,4574.587856704462,3928.4637138615,7237.314047217551,3197.010460652085,382.35229894158425,766758.9830180851,632712.0603989059,19319.728377377185,1101.1869534751763,9656.536463507997,3577.0579699006303,2384.705313267087,212849.9294070334,30109751.013918947,2806.774548796091,404987.25422614894,0.023907172246636136,0.0021058551709206112,1000,0.02,33457.3952891496,-4615.104867628069,-5782.050291876538,1166.945424248469,27320.272962556828,2947.083333333334,2699.9150281743264,5105.22883271309,38072.500156777576,455696.6173595683,254018.5692822847,408779.491528356,40302.664618131625,8623.621005785868,112363.75935710697,825.772582018702,343628.0562684457,144323.7836327472,84480.0,168960000.0,493769.11751634587,6272.864794566448,2978.72044984966,62893.68457556417,10.015762315721767,11000.0,98285.68327144852,125467.44238339871,293241.3549102753,0.0,370.9387848456419,615.9971168985938,601136.7020491627,639209.2022059403,-145440.0846895944,0.0,-145440.0846895944,141.46,0.0,0.0,12739.3646609032,21430439.139733087,5499410.742733806,5593132.179869813,3617950.0555884237,2579937.5402836334,3156739.8802177897,983268.7410396197,3221.2097889513802,4593.239856571797,4792.507525906934,2556.0610442254692,3555.7186151378783,600.9915465837285
98,9,753.5540963472791,18958.329793875895,497.32371727457695,8511.470758173165,20123.366312794256,0.0,48090.49058211789,19455.65351115047,4615.761607987818,3875.4609473566607,7288.127437030445,3277.571812381314,398.7317063942305,771476.9086143015,636943.8131958002,19455.653511150467,1109.3625960165036,9718.586610079183,3649.362893179554,2432.908595453036,216486.24452848,30624144.150998782,2817.8917682602887,406591.3489288625,0.023877424854328852,0.0020924737102318,1000,0.02,33629.4599483003,-4665.311641919878,-5829.056141725387,1163.7444998055093,27495.82523723603,2947.083333333333,2710.608992859083,5141.254026791743,38294.77159022019,416914.11033948034,225177.15503525952,362237.6600813874,35633.960223339374,8674.115168788341,101408.91629473261,839.235482619767,349230.36187414883,146676.75198714252,85480.0,170960000.0,455208.88192970055,6380.030031458079,2836.789795706003,56062.525041013694,10.218216100902751,11000.0,97055.58604436654,119318.39093052366,239789.4776552457,0.0,373.548547414089,617.4820628118828,533444.0483246406,571738.8199148608,-116529.93798516021,0.0,-116529.93798516021,141.46,0.0,0.0,13038.256620755212,18977510.048060812,4854361.360160249,4936657.940216079,3209151.738131641,2298967.884643338,2808510.283559397,869860.8413501056,3233.353005615849,4602.543822250508,4826.948943814801,2590.9133630461865,3597.832163650126,604.0622127729965
99,9,747.126409144926,19078.73595673502,506.16564448880166,8576.957392767714,20675.757997271372,0.0,48837.61699126291,19584.901601223824,4560.184308915209,3918.93988141855,7334.64641975234,3358.3769842589045,412.75400687879187,775926.4237156848,640916.6326262385,19584.901601223777,1117.0870734283308,9777.181639491204,3720.9114633643635,2480.607642242909,220061.907062364,31129957.37304201,2828.3765109469923,408104.1840633328,0.023829697628379696,0.0020800351317260654,1000,0.02,33762.94161949737,-4741.935737369735,-5889.5087558098885,1147.5730184401532,27661.60229444852,2947.083333333334,2720.6945604222187,5175.497168663027,38504.8773568671,425819.4073939768,230886.04780375728,371298.86908652633,36449.1379385417,8716.943669974113,103626.31158790474,852.0400697103896,354558.7240274602,148914.66409153328,86480.0,172960000.0,464324.2847508439,6485.4077860504185,2847.3123666560004,57771.38919808434,10.418552097420218,23000.0,99497.71911072743,119503.26140015945,240763.10127824917,0.0,376.0301107434969,618.262374246527,550872.9021770143,589377.7795338813,-125053.49478303746,0.0,-125053.49478303746,141.46,0.0,0.0,13332.885538014796,19439640.372735757,4956793.544049316,5040104.721502015,3292604.1098828614,2369672.0601647086,2890301.778550988,890164.1585858674,3244.343733120057,4609.987183906346,4859.609970864989,2625.1704159355004,3638.9006602589843,606.8896371379179
100,9,937.5155825699229,19390.013435692927,514.9287780273631,8630.021308743448,21240.16905136922,0.0,49775.13257383296,19904.94221372029,4584.989610730806,3985.728269991656,7426.21534916666,3464.8551679608067,443.1538158703864,787809.830198665,648845.0015391733,19904.9422137203,1131.8868863910618,9914.283477750309,3785.3359479226124,2523.557298615075,223667.29729357673,31639975.875149366,2856.3783170711745,412144.5422675461,0.02379158181922758,0.002051351005285255,1000,0.02,34180.29097527941,-4823.120730116541,-5978.030052512044,1154.909322395502,28049.490815251178,2947.083333333334,2747.630281783641,5259.20727502784,39003.41170539599,459481.4856658521,250012.20533973214,401866.6018342549,39331.74798093137,8846.32005342205,117097.23964840933,868.8413544051754,361550.2286235177,151851.09602187743,87480.0,174960000.0,498484.8973712481,6591.661640656118,3227.657804969346,63042.49700542187,10.598940654183316,11000.0,103704.89984138995,135544.89311449352,242692.2195759955,0.0,382.17489050343005,624.6584802410534,566821.261294325,605824.672999721,-107339.77562847291,0.0,-107339.77562847291,141.46,0.0,0.0,13662.497721164318,21021879.54611342,5339564.569384241,5427662.616565556,3567398.041741747,2582375.4406874445,3143476.365457449,961402.5122769838,3283.2273960910043,4654.215523175773,4939.891199504443,2691.088836159521,3721.3557726581353,615.1634861314362
101,9,695.5197071250304,19442.82975841252,523.7819104812974,8697.010308712137,21807.030303351974,0.0,50470.65228095793,19966.61166889382,4411.812997549977,4109.722919934601,7455.684862225269,3518.958658427876,470.4322307560883,789599.9874353738,651333.9188323631,19966.611668893802,1136.9903384450354,9944.531096980605,3858.864724828311,2572.5764832188743,227180.3871825101,32136937.57083788,2860.5966054841742,412753.19572802715,0.023721100003395716,0.0020452592034334027,1000,0.02,34180.53728886062,-4929.20189740524,-6045.493408857078,1116.291511451838,28135.06737957753,2947.083333333333,2751.6879715201812,5275.900501834709,39109.73918626575,438831.0523151235,230537.68283501535,370421.6937262376,36165.9366478757,8852.080404601333,115010.28666762395,880.2043052879252,366278.6839032604,153837.04723936936,88480.0,176960000.0,477940.79150138923,6695.195327257891,2800.8310266100443,58513.969917323506,10.804821229519273,11000.0,103556.65541199186,116880.82500786372,243335.76412452347,0.0,383.35894404276115,622.8009193409998,543800.2055001839,582909.9446864496,-104969.15318506036,0.0,-104969.15318506036,141.46,0.0,0.0,13954.072830115496,19364086.502370138,4904688.419475297,4984085.207577132,3290444.8450123267,2392304.559424404,2907798.8912565224,884764.5796244536,3283.8491523281755,4647.196840114806,4955.45067197385,2715.4322812875666,3748.7613677310837,615.9213554583189
102,9,650.426537697479,19455.938894327373,532.4987582726716,8757.959931202233,22374.681234853044,0.0,51121.078818655325,19988.437652600045,4348.015007425381,4103.520037766037,7476.963779903972,3570.273066150265,489.6657613543878,789838.1195447397,652802.5650801462,19988.43765260004,1140.273770824157,9956.775980752915,3932.033030730311,2621.3553538202077,230583.7747787125,32618380.780196674,2861.1577349185627,412834.1606452115,0.023675440982353576,0.0020428394712156835,1000,0.02,34155.154387578645,-4996.045143991769,-6085.8509275638935,1089.8057835721247,28169.71060474615,2947.0833333333335,2752.2277376347433,5282.17785585605,39151.19953157027,487246.4604418085,222759.34592834543,357813.9834917971,34866.72218574848,8847.074367473524,170265.8670028892,890.2182870918833,370445.7938046204,155587.23339794055,89480.0,178960000.0,526397.6599733788,6795.495995874307,2736.921459299996,56823.643308211285,11.009692486044873,23000.0,104569.69615629055,113784.45607393314,243776.95539196543,0.0,383.77800292992083,620.4545155329865,552502.4105965236,591653.6101280939,-65255.9501547151,0.0,-65255.9501547151,141.46,0.0,0.0,14240.386368963256,18694636.783046473,4722814.652471952,4797463.430850608,3180415.635499259,2321984.196621062,2818451.837064294,853507.0305392961,3278.5759488275835,4632.154181152348,4960.883769735002,2733.498537241535,3767.8059241124674,615.5192915311142
103,9,607.6701210854724,19433.672914209204,541.0403910414533,8812.393763678601,22941.641870811516,0.0,51728.74893974078,19974.713305250658,4145.871708236412,4216.464126357523,7491.90258155827,3623.6668279096293,496.80806118886426,788693.7484248359,653336.9880988427,19974.7133052507,1141.888580400862,9953.28377056457,4004.382302093952,2669.5882013959676,233863.08804578707,33082272.43495704,2858.4611631670577,412445.07446444425,0.023605054647914916,0.0020437035485373245,1000,0.02,34039.21433961443,-5096.483738576024,-6139.541124259562,1043.057385683538,28159.830443681283,2947.0833333333335,2749.6338297629613,5279.1504714128905,39135.698078190464,533927.9328936336,240968.04753511993,386982.1143733785,37659.074813712585,8820.266109834929,197857.2066195772,898.8963676775317,374056.99624548777,157103.93842310485,90480.0,180960000.0,573063.630971824,6892.14009061605,2676.0521922003472,61648.67086533414,11.212270445863064,11000.0,108236.30520076552,110776.24663647963,244036.26549569765,0.0,383.51449546081346,616.4676527633072,546276.8748997634,585412.5729779538,-12348.942006129771,0.0,-12348.942006129771,141.46,0.0,0.0,14523.83641793833,20210072.02614899,5093288.761920415,5171809.671658742,3442112.001783002,2522887.2649185606,3058173.7437744997,921800.5820937698,3268.087047654214,4610.158642469432,4957.378074758944,2745.812068724224,3779.1986518158164,614.0788198280638
104,9,640.6225679991687,19453.541198526236,549.3719990908082,8857.09458215057,23509.363727972497,0.0,52369.371507740114,20002.913197617043,4044.1697817107784,4258.229288957117,7512.124760193585,3669.63809235234,518.7512744031363,789183.4775717952,654584.2603434288,20002.91319761698,1144.7803085974456,9965.79820858071,4073.076722732347,2715.384481821565,237040.4250498138,33531738.527546663,2859.615150506139,412611.5823744104,0.023553596909223512,0.0020412447625328374,1000,0.02,34005.92332939664,-5174.063554702829,-6186.1866650988195,1012.1231103959913,28195.23629171655,2947.083333333333,2750.7438824960695,5286.923376553606,39179.986884099555,554804.6121564093,259911.2252651619,417276.5413357606,40527.88449658572,8816.488718484075,198863.02884563766,907.9328818286589,377817.353347201,158683.28840582442,91480.0,182960000.0,593984.5990405089,6985.778859905556,2756.232896030666,66834.58078860298,11.404614823650572,11000.0,112085.81573213456,114057.50269644913,244500.8436961487,0.0,384.0559333942456,614.1323856258017,559230.3476031154,598410.3344872149,-4425.735446706065,0.0,-4425.735446706065,141.46,0.0,0.0,14803.667057757375,21780484.06346759,5474978.926937995,5557057.548362084,3713868.425047385,2733374.991489071,3308684.8165793945,992519.355051662,3263.6489514094897,4595.931167172747,4964.171959624557,2765.382292826069,3799.9587127029718,613.8201138811258
105,9,784.6388025684844,19622.428177065114,557.5283278304531,8890.62389375468,24083.429911658324,0.0,53154.01031030857,20179.956504895566,4097.90783622799,4231.914925913245,7560.716765348609,3744.846296992287,544.5706804134279,795457.0331761105,658877.3028512973,20179.956504895545,1153.1330224797928,10038.955627284913,4134.978629895739,2756.652419930492,240187.7496272725,33976959.06227397,2874.398023413239,414744.5912798776,0.02353219073763181,0.0020264139134495373,1000,0.02,34223.67299168408,-5223.859926073394,-6237.795370334505,1013.9354442611116,28402.213260714474,2947.083333333334,2764.9639418658503,5333.272381843834,39447.53291775749,519720.4025644632,279785.3142858797,449020.6579940096,43509.55946980724,8886.208061376266,142873.35973316606,919.3804101147389,382581.00375129574,160684.0215755442,92480.0,184960000.0,559167.9354822207,7078.5331379737445,3046.2020940609536,72366.50440091378,11.57794016370807,23000.0,116128.71982599329,126903.07300357397,245708.45185755412,0.0,387.4551648939948,616.632761101034,595247.1501862286,634694.6831039861,-75526.74762176536,0.0,-75526.74762176536,141.46,0.0,0.0,15093.392053274509,23422000.340690117,5868955.677859475,5953322.953698582,3999210.5936547806,2958797.5115037905,3575440.1464696354,1066273.4575038557,3280.5872746746772,4609.207905326967,5007.738065794778,2810.657626054219,3854.001619366963,617.764013677953
106,9,962.8085832895739,19962.23093708155,565.6418380278992,8918.501225628332,24670.44489286021,0.0,54116.818893597985,20527.87277510945,4208.132341143585,4229.998885851163,7658.02159732549,3853.3379643632393,578.3819864259507,808349.9095723128,666816.0720286302,20527.872775109437,1168.0395020292653,10182.91940532903,4190.819317797095,2793.8795451980636,243385.97016960636,34429379.34019252,2904.7785229565784,419128.16925458633,0.02351613510328534,0.0019977977868869865,1000,0.02,34690.20252309831,-5284.562256107319,-6318.622842712512,1034.0605866051928,28809.515581556898,2947.083333333333,2794.1877950305757,5423.978069284676,39974.764779205485,596112.8203083711,315741.7999995311,506515.3553471954,48949.255850449576,9032.218286036858,182208.19694656902,935.1673323412474,389150.40253890696,163443.16906634092,93480.0,186960000.0,636087.5850875765,7172.787362540108,3404.7004458936512,82214.17095694755,11.734294089831868,11000.0,122202.08343998266,143159.82984342767,247775.83991601356,0.0,394.13515728210103,623.8424376111049,617959.1238537882,657933.8886329937,-21846.303545417148,0.0,-21846.303545417148,141.46,0.0,0.0,15431.121296063919,26401133.91967551,6589629.632151655,6678863.048318631,4514905.311397319,3362208.5604020143,4054670.7681393344,1200856.599266557,3321.7352708161698,4653.249805497988,5093.431149518753,2886.1428570154835,3946.845265081611,626.4684271794189
107,9,875.742160412325,20193.910275810955,573.8690161427403,8958.220194111555,25266.56156794512,0.0,54992.561054010366,20767.779291953695,4363.901197661784,4122.91946245689,7728.408686875493,3932.832231581703,619.7177133778027,817029.0998118793,672615.588220318,20767.779291953655,1179.1313129472542,10282.942124219768,4251.523375476265,2834.348916984177,246583.04000136562,34881636.838593185,2925.229982119514,422079.09393603896,0.023508757102560816,0.001978380050632339,1000,0.02,35019.69514006891,-5320.4763285725085,-6371.296091054823,1050.8197624823142,29092.499857842566,2947.0833333333335,2813.8606262402595,5486.727651225227,40340.17146864138,622910.2220000373,338401.6493251759,542629.3746315828,52291.500409563676,9132.509584314876,185267.72274416997,948.8166749490111,394830.2921014569,165828.7226826119,94480.0,188960000.0,663250.3934686787,7267.007674706914,3269.8998283831124,88771.18585351002,11.904265451333544,11000.0,126893.38901471974,136853.5387937188,249313.24810759467,0.0,398.74136240551064,628.2228038491128,624407.1377043392,664747.3091729806,-1496.9157043019077,0.0,-1496.9157043019077,141.46,0.0,0.0,15761.886241965363,28262513.69660897,7029645.6667407965,7118658.652733178,4839449.572170471,3625805.5243888707,4364463.8184519885,1284490.4621236664,3346.946953483354,4675.909347416176,5151.840897472018,2944.2717787191173,4016.753567818928,632.0567470440732
108,9,647.7315857307257,20186.116579797388,582.1213471067305,9009.302256495464,25862.752456341503,0.0,55640.29263974109,20768.23792690412,4309.5743047115675,4099.434803370383,7740.828308658188,3982.931184186066,635.4693259778911,816417.7340688398,673370.2487607554,20768.237926904116,1181.175760608182,10284.357193309574,4320.3549226349205,2880.236615089947,249666.8056569501,35317866.32823216,2923.789372894198,421871.22958340554,0.023468315402583144,0.001978189760757673,1000,0.02,34962.814264023065,-5380.600726389268,-6404.770367970649,1024.1696415813813,29096.503371311446,2947.083333333333,2812.47486388937,5487.353421878074,40343.414990412224,600402.4058240992,345536.7744053401,553933.1244103154,53295.07517008703,9119.129710603387,154690.5505524449,956.5518820999732,398049.13740583963,167180.63771045263,95480.0,190960000.0,640745.8208145114,7357.888818381701,2867.5122127940754,90987.18873314447,12.096993783377778,23000.0,129565.14942802754,117680.50153959052,249657.26505970513,0.0,398.75016819655866,625.2191076601209,622151.5720612835,662494.9870516957,-21749.166237184312,0.0,-21749.166237184312,141.46,0.0,0.0,16060.888279738207,28837845.28904397,7154760.794126756,7239812.72259669,4942606.352597252,3720221.811905401,4471329.777678963,1309113.8301389148,3337.8626446727117,4654.308718775246,5150.756475671376,2961.1914583932685,4033.2283947931173,630.8902345983862
109,10,794.3154137043507,20334.120109053063,590.1886271844066,9044.907155560133,26465.392161647844,0.0,56434.608053445445,20924.308736237468,4438.147321053301,3965.317513243094,7788.303944167191,4071.6725159395396,660.8674418343419,821864.0501222598,677232.2746230325,20924.308736237486,1188.778897041305,10348.751511007495,4381.8395789913475,2921.226385994232,252712.49120297204,35748709.00557243,2936.622956129553,423722.9770415684,0.023455421388046117,0.001965906582976958,1000,0.02,35161.935998172055,-5416.92686536716,-6446.1750082058625,1029.2481428387027,29278.687774942402,2947.083333333334,2824.819846943789,5528.271908319698,40578.86286353923,583311.1528780183,338562.6360471709,542560.806783531,52081.1448369714,9181.118450444646,143535.7936588106,968.5315869593228,403034.24200379633,169274.38164159446,96480.0,192960000.0,623890.0157415576,7447.647709494257,3162.521756956412,89631.43556731299,12.269150821175774,11000.0,131092.10696446904,137989.90919858063,314610.67904833,0.0,401.74672773575946,627.0289680770393,695975.3450917773,736554.2079553165,-112664.19221375894,0.0,-112664.19221375894,141.46,0.0,0.0,16403.354335992255,28227049.327247296,6980675.623818419,7056003.966011914,4842897.973625861,3667643.556220481,4400119.000740388,1279709.2068302284,3350.9723971433673,4659.512599674314,5186.456481755731,3006.486981864838,4086.6367577322258,634.2435180670102
110,10,709.5245423077962,20392.247395987382,598.2061510073385,9082.710009497727,27070.9690392609,0.0,57144.132595753355,20990.453546994722,4457.013534556674,3902.7407020914643,7806.901494058065,4143.359320350761,680.4384959377769,823816.6285542848,679151.6248317937,20990.45354699474,1192.9021544075333,10375.794214424324,4445.7442103288,2963.8294735525337,255678.71173351503,36168310.56182304,2941.223970390416,424386.85370845685,0.023425913178333247,0.0019608420382092357,1000,0.02,35208.40381361344,-5468.961127909607,-6483.935974581688,1014.9748466720812,29355.196991449306,2947.083333333333,2829.2456913897126,5545.838925350568,40677.364941522916,529779.5299934271,298802.58250126796,478694.0561302937,45857.13791254353,9199.148889537242,128882.56539662265,977.5276672420882,406777.77339357004,170846.6648252994,97386.66666666667,194773333.3333333,570456.89493495,7535.0647003798,3026.9443811420233,79473.1674281987,12.448083788920641,11000.0,128983.01367724632,131236.56724328507,260822.85675446663,0.0,403.01670810229905,625.9589648784408,623119.0379414882,663796.4028830111,-93339.5079480611,0.0,-93339.5079480611,141.46,0.0,0.0,16718.92474583239,24889503.47063218,6137795.874890049,6197361.826797022,4273983.7716517635,3254790.9768432067,3898468.899379552,1127102.1210705885,3351.1240639258895,4648.178909296853,5199.9505113522455,3036.328562757053,4119.853873311118,635.0176263515671
111,10,702.4535188247957,20445.574621782394,606.0956412307127,9115.716267148466,27679.199584416463,0.0,57846.586114578036,21051.670263013108,4383.408791232305,3934.171879635288,7821.545597987163,4215.596524596205,696.9474695621337,825571.9534954688,680852.3251361918,21051.6702630131,1196.639665696409,10400.136055781119,4508.365037173783,3005.576691449189,258564.90606067315,36576591.611342825,2945.36018072357,424983.66418845934,0.023380552663991812,0.001956343491762012,1000,0.02,35221.03218086342,-5545.417991586275,-6534.308274440109,988.8902828538344,29424.06492901594,2947.083333333333,2833.224427923062,5562.0774821773775,40766.45017244971,539201.2060182706,305077.6894736548,488604.65670044674,46717.6633506669,9210.672766433278,131179.1419542929,985.7864821425069,410214.50715430354,172290.09300480748,98293.33333333336,196586666.6666667,579967.6561907203,7620.123252363089,3034.936593263213,81482.96820108725,12.623422104086595,23000.0,131675.38004722202,131372.08456806428,261468.03310269536,0.0,404.1920690498515,624.3009939093223,640694.6422497585,681461.0924222082,-101493.4362314879,0.0,-101493.4362314879,141.46,0.0,0.0,17028.282582769512,25390357.522412285,6243893.968857804,6297277.969389641,4363633.388409089,3341475.8830312802,3995724.7287890743,1148351.5839353958,3350.394030934548,4635.583307547623,5212.106221911786,3065.7300883504804,4152.251640913862,635.6049733547994
112,10,879.9911101205668,20679.158222632665,613.8522712188535,9136.516004947784,28297.05072589933,0.0,58726.57722469863,21293.010493851518,4383.30232501811,3987.23784051314,7875.401976097333,4312.447979756043,734.6203724669135,834278.5213781376,686247.2427643312,21293.01049385154,1207.0378844523727,10497.880835556243,4563.42616719555,3042.2841114637,261457.0766175703,36985718.0583215,2965.8761519820387,427943.89726856677,0.023344254981895105,0.0019382001955063222,1000,0.02,35495.54114468269,-5630.11805830612,-6613.65841984216,983.5403615360403,29700.60445995572,2947.083333333333,2852.9593151237787,5625.012094575978,41125.659202988805,580082.7077422724,328604.73382491135,526059.0123891071,50157.75509524573,9302.6876455641,147607.18005447285,998.2242756303116,415390.23579139926,174463.89903238768,99200.0,198400000.0,621208.3669452613,7705.3579288169785,3389.7808704640074,88359.79491840422,12.777593268147541,11000.0,136501.74097639025,148715.26292897796,263014.1092452782,0.0,408.8258014819496,627.5069485753011,659735.157211657,700860.8164146459,-79652.44946938462,0.0,-79652.44946938462,141.46,0.0,0.0,17361.3287333523,27315513.333324052,6693600.390265843,6741265.899924592,4699251.801240237,3623575.361848745,4324180.783677335,1233639.0963673003,3374.520348965471,4653.473772604265,5267.900605110141,3128.7161305401346,4227.267240732605,641.1323958989118
113,10,651.8073452644635,20671.179343331925,621.6366298277251,9170.366953016406,28915.201643787153,0.0,59378.38456996321,21292.81597315965,4200.182258664241,4096.702991481185,7875.29047498914,4352.037156791931,768.6030912331248,833641.8397288389,686601.8991262824,21292.81597315964,1208.3729227383153,10496.651948573284,4626.96800441422,3084.6453362761463,264242.11522545334,37379689.61979263,2964.3758888940074,427727.42550780525,0.023277421445980922,0.0019385597572352117,1000,0.02,35387.35420994442,-5733.670210319226,-6670.4883932262255,936.8181829069995,29697.12769290354,2947.0833333333344,2851.516170052035,5625.297223974489,41121.024420263406,550990.8291835504,301910.27896038134,483150.3329775637,45957.96078346455,9280.305615210635,144422.26779313857,1004.9803584722382,418201.63891316974,175644.68834353128,100106.66666666667,200213333.3333333,592111.8536038138,7787.435337456798,2987.1951258381537,81667.60786648205,12.955510412359816,11000.0,135896.53508682546,128376.7319345632,263357.35101642215,0.0,408.8220666846647,623.5941784816675,632118.2281231665,673239.2525434298,-81127.39893961605,0.0,-81127.39893961605,141.46,0.0,0.0,17669.296711856434,25072196.791532118,6127894.944675218,6164874.562599923,4316343.738820059,3345537.610174653,3986360.707675909,1131185.227586357,3364.786370979041,4629.384296005505,5264.833198304062,3147.901462718761,4246.00990257053,639.900742581725
114,10,608.8761927703182,20627.271032536115,629.2385185311856,9198.66144406999,29532.089767596182,0.0,59987.26076273347,21256.5095510673,4124.746990085835,4080.019717936708,7869.439294332813,4389.669236337313,792.634312374572,831613.4720704597,686039.0725010558,21256.50955106725,1208.0551161404435,10479.236564297558,4689.714959835644,3126.476639890429,266905.1601900249,37756403.96048092,2959.5962865131714,427037.78050395637,0.02323307815883378,0.0019418695958272807,1000,0.02,35259.74018598299,-5798.258938555879,-6700.840672319874,902.5817337639958,29647.85608771065,2947.083333333333,2846.918536693043,5616.141166801924,41057.99912453895,609906.2784821576,290774.887961722,465197.0219863445,44166.967868446045,9249.023110134221,213656.93927079937,1010.3537447246517,420437.661655633,176583.81789536585,101013.33333333336,202026666.6666667,650964.2776066966,7865.917491766858,2926.038779507093,79014.26471579938,13.131201887539802,23000.0,136831.44650514482,124971.55758364168,263516.1028603296,0.0,408.1249833804911,619.3571103250347,639165.9412317825,680223.9403563215,-29259.662749624928,0.0,-29259.662749624928,141.46,0.0,0.0,17974.86048048835,24128368.25076532,5882876.874438575,5912028.149233922,4156416.130724542,3237456.1766431117,3852054.072840266,1087536.8468849056,3349.9939297473566,4599.016851634273,5252.841714724856,3160.6089880677787,4256.390882997221,637.6571838957608
115,10,568.0236908528328,20551.2453811974,636.6239069454813,9221.095582941163,30146.31958250212,0.0,60555.284453586166,21187.869288142883,3927.6840460360513,4167.60806925216,7859.658610999847,4432.157676368745,800.7608854861219,828341.9186318157,684636.6287851153,21187.869288142923,1206.222273219669,10447.653820703796,4751.254602839682,3167.5030685597885,269434.05633932905,38114141.60976149,2951.887267618209,425925.4523348173,0.02316849634121888,0.0019478685526406255,1000,0.02,35053.437940171825,-5890.173488602924,-6741.544439052997,851.3709504500725,29558.502189535186,2947.083333333333,2839.503015565449,5598.522890340648,40943.61142877461,667596.06798421,313607.5375638141,501634.05881293764,47568.984781501,9198.68860242433,247745.6769290249,1014.3383775495549,422095.78359184175,177280.22910857352,101920.0,203840000.0,708539.6794129846,7940.44616870031,2867.502361685326,85430.84778434003,13.303512887951111,11000.0,141183.540869529,121646.94541787525,263508.3924522755,0.0,406.8070903323442,613.7754725884741,634611.5611302142,675555.1725589889,32984.50685399573,0.0,32984.50685399573,141.46,0.0,0.0,18280.881752953544,26008657.29775334,6326683.17937519,6351380.489288794,4482914.922854898,3508190.209232964,4168396.0065487004,1171092.4904527927,3330.7301437382557,4563.2292147357775,5232.957301797077,3167.3504287917285,4259.093192654109,634.5090064259764
116,10,598.0773355461852,20515.604758875255,643.7624377196457,9234.64411966896,30759.350472868733,0.0,61153.36178913259,21159.3671965949,3825.450718133292,4188.518453993747,7854.002445444183,4466.124634780883,825.270944242786,826621.3082482031,683922.0205147145,21159.367196594863,1205.6291155451331,10431.346647595712,4808.842963984893,3205.8953093232617,271850.6647136167,38455995.03038822,2947.832857929693,425340.44480438915,0.023120840911349888,0.0019510088040618416,1000,0.02,34925.031994028315,-5961.269318080336,-6776.1930223153595,814.9237042350229,29512.365935377784,2947.083333333333,2835.602965362594,5591.249078034999,40886.301312108706,692746.6347221491,337197.3262861676,539219.4172177465,51040.65411060985,9170.099076166389,248255.10000415065,1018.7120070782966,423915.77840218734,178044.62692891867,103066.66666666667,206133333.3333333,733632.9360342579,8011.66563133088,2941.04392443442,92260.64802134337,13.4647602991577,11000.0,145716.1747905678,125141.28297143156,263696.4160098969,0.0,406.2598501746219,609.6636010913079,649796.6195605701,690682.9208726789,42950.01516157901,0.0,42950.01516157901,141.46,0.0,0.0,18577.95824785739,27944030.510149937,6781125.475308099,6799880.692409957,4819305.077350794,3790176.187580418,4496790.3297266085,1256752.7477740627,3316.9295775503383,4534.034823541179,5222.616655253718,3181.8299784643286,4271.50805016701,632.4481116183055
117,10,731.6355854916966,20619.87824529727,650.6888161135145,9237.79185129639,31376.638461917006,0.0,61884.99737462418,21270.567061410784,3868.7155334141303,4145.058594068845,7871.348696245164,4532.040751006465,853.4034866762037,830277.696343544,686045.783094171,21270.567061410813,1210.164903537386,10471.470689033831,4859.457186881551,3239.638124587701,274223.04009118146,38791591.25129853,2956.4486930193316,426583.616756805,0.02310142673513073,0.0019435716542661296,1000,0.02,35029.23576698887,-6007.806209374782,-6816.579307053637,808.7730976788555,29625.884873414525,2947.0833333333335,2843.8907783787,5620.1829912370495,41037.04197636361,647334.3218172662,361543.31208474713,577965.3882145754,54591.767429747066,9210.066910167749,177349.92687687086,1025.4888215218157,426735.8085480486,179229.03959018041,104213.33333333336,208426666.6666667,688371.3637936298,8081.581510687195,3210.0757543983646,99408.24733834526,13.606480123268344,23000.0,150340.97428740445,138965.93236333565,264580.98358380515,0.0,408.3948875790876,609.7541941457368,688619.5503998243,729656.5923761879,-41285.228582558106,0.0,-41285.228582558106,141.46,0.0,0.0,18871.369187969445,29934420.616847284,7242708.076629796,7251920.687662278,5166088.078252853,4088240.987042673,4841355.117580368,1344107.6696793153,3322.0014912771344,4527.3756965579,5245.621145907827,3223.4145035057886,4317.986362642282,634.1678615198708
118,10,896.388798684908,20883.772035440146,657.5287271159193,9235.49631623787,32004.589094514922,0.0,62781.386173308856,21541.300762556064,3963.8410888134595,4122.175505164659,7931.7818542494115,4633.007472757905,890.4948415706228,840054.9185035154,691543.2859277995,21541.300762556068,1220.81295079216,10577.10220745639,4903.822990869235,3269.2153272461564,276627.1039805227,39131670.12908474,2979.487531230302,429907.8722911953,0.02308786081246654,0.0019241882922078708,1000,0.02,35361.32616453387,-6067.075644413544,-6885.92742774498,818.8517833314359,29924.73756533562,2947.0833333333335,2866.052481941302,5690.5284283370565,41428.40180894732,741082.632104253,405991.02569818124,648781.9573085549,61131.98356397822,9320.494295967539,225441.5582013343,1036.6295531834655,431371.7919285362,181176.1526099852,105360.0,210720000.0,782511.0339132004,8152.431276892655,3541.760862766346,112249.03912925112,13.730704374433857,11000.0,157352.46101796275,156423.08015359595,266267.4349543546,0.0,413.59297464107635,613.8615216261186,716027.3925954651,757455.7944044124,25055.239508787985,0.0,25055.239508787985,141.46,0.0,0.0,19204.565030517948,33579740.98937022,8095086.944766704,8090274.500378214,5799814.9446643945,4625130.731532212,5464568.411291915,1504865.4567367744,3348.273541117828,4545.650402038525,5306.504876227158,3296.7257402407795,4404.0058685013655,640.1403344304065
119,10,814.37960027021,21047.62124571543,664.4295970215138,9244.214524263585,32639.500406578758,0.0,63595.76577357929,21712.050842736942,4102.735841733851,4002.8400717995514,7968.437181555624,4701.156540813095,936.8812068347679,845970.6874416767,695079.6393342061,21712.05084273687,1227.9318595576865,10642.45273342501,4952.486544752223,3301.657696501482,279015.4124726942,39469520.24838732,2993.4273232519836,431919.2337301701,0.02308098735490134,0.0019123861707353127,1000,0.02,35568.96310558073,-6102.204734933471,-6928.355146982058,826.1504120485866,30109.627273406044,2947.083333333333,2879.4615582011343,5734.995675573639,41671.16784051415,772374.2456032494,433247.5274841307,692063.2137033797,65037.9863823027,9388.92480349005,228287.75394341155,1045.577440483815,435095.26881270646,182740.0129013367,106506.66666666667,213013333.3333333,814045.4134437635,8222.816718414026,3414.475233707267,120559.17158942962,13.866962325306224,11000.0,162659.10659207782,149545.11847138463,267462.5431303173,0.0,416.8713761805483,615.5751353787286,723909.5452092153,765580.7130497294,48464.70039403415,0.0,48464.70039403415,141.46,0.0,0.0,19535.94179945194,35795832.22087279,8600690.1295723,8580558.706854908,6186437.252963026,4968414.56946662,5858115.178976785,1601616.3830391553,3360.600351498333,4546.704745218766,5342.857354645477,3351.8475215605977,4466.704698000894,643.3361718128237
120,10,601.7255698426736,20989.64270760116,671.3108515996571,9263.840997982295,33272.69678623851,0.0,64197.49134342163,21660.953559200818,4046.6990269871762,3965.4978854773503,7955.309718521659,4739.256661150571,954.1902670641103,843365.617448891,693990.6031137746,21660.953559200865,1226.683517434932,10617.350734869186,5008.623922221459,3339.0826148143055,281285.0566705276,39790584.11661284,2987.2887917641997,431033.509932623,0.023043316268694734,0.0019169814346961913,1000,0.02,35425.78560807073,-6155.372426397593,-6950.204236894645,794.8318104970522,30038.608699091896,2947.083333333333,2873.5567328841535,5721.909269158949,41581.15803446833,742800.6666750356,441060.55226199987,704382.9622026967,66095.1805239418,9353.336993074157,189840.31759445692,1048.4989185688519,436310.98105316126,183250.61204232773,107653.33333333336,215306666.6666667,784381.8247095039,8289.705024294342,3039.117044511595,123145.13626278273,14.024146982220085,23000.0,165597.9536591831,128820.10664457237,267551.2389559191,0.0,415.89030833665663,611.028297180787,720484.2003437629,762065.3583782312,22316.466331272735,0.0,22316.466331272735,141.46,0.0,0.0,19849.269861089924,36417634.10762497,8727869.861223761,8695482.959029717,6296299.710497711,5084237.523687185,5985753.666706517,1627990.386480082,3343.0923111442607,4512.33097228629,5326.015355343133,3363.82275508177,4475.151959803412,640.5402055419917
